n50, 000060, 152, 310, SHVR, 0, 20, 0.000000, ZIC, 129, 20, 6.450000, 
n50, 000061, 298, 310, SHVR, 0, 20, 0.000000, ZIC, 309, 20, 15.450000, 
n50, 000061, 299, 310, SHVR, 0, 20, 0.000000, ZIC, 387, 20, 19.350000, 
n50, 000062, 309, 310, SHVR, 41, 20, 2.050000, ZIC, 387, 20, 19.350000, 
n50, 000063, 309, 310, SHVR, 208, 20, 10.400000, ZIC, 387, 20, 19.350000, 
n50, 000063, 309, 310, SHVR, 236, 20, 11.800000, ZIC, 387, 20, 19.350000, 
n50, 000063, 309, 310, SHVR, 390, 20, 19.500000, ZIC, 387, 20, 19.350000, 
n50, 000064, 309, 310, SHVR, 390, 20, 19.500000, ZIC, 453, 20, 22.650000, 
n50, 000064, 307, 310, SHVR, 443, 20, 22.150000, ZIC, 453, 20, 22.650000, 
n50, 000065, 307, 310, SHVR, 443, 20, 22.150000, ZIC, 557, 20, 27.850000, 
n50, 000065, 307, 311, SHVR, 443, 20, 22.150000, ZIC, 673, 20, 33.650000, 
n50, 000066, 309, 334, SHVR, 443, 20, 22.150000, ZIC, 815, 20, 40.750000, 
n50, 000078, 300, 353, SHVR, 524, 20, 26.200000, ZIC, 825, 20, 41.250000, 
n50, 000093, 300, 322, SHVR, 524, 20, 26.200000, ZIC, 840, 20, 42.000000, 
n50, 000120, 138, 401, SHVR, 524, 20, 26.200000, ZIC, 1020, 20, 51.000000, 
n50, 000120, 138, 402, SHVR, 615, 20, 30.750000, ZIC, 1071, 20, 53.550000, 
n50, 000120, 140, 396, SHVR, 700, 20, 35.000000, ZIC, 1115, 20, 55.750000, 
n50, 000123, 251, 310, SHVR, 700, 20, 35.000000, ZIC, 1219, 20, 60.950000, 
n50, 000126, 283, 310, SHVR, 700, 20, 35.000000, ZIC, 1335, 20, 66.750000, 
n50, 000127, 289, 310, SHVR, 700, 20, 35.000000, ZIC, 1401, 20, 70.050000, 
n50, 000127, 291, 310, SHVR, 700, 20, 35.000000, ZIC, 1479, 20, 73.950000, 
n50, 000129, 309, 310, SHVR, 854, 20, 42.700000, ZIC, 1479, 20, 73.950000, 
n50, 000129, 308, 310, SHVR, 882, 20, 44.100000, ZIC, 1479, 20, 73.950000, 
n50, 000130, 308, 310, SHVR, 935, 20, 46.750000, ZIC, 1479, 20, 73.950000, 
n50, 000131, 309, 313, SHVR, 976, 20, 48.800000, ZIC, 1479, 20, 73.950000, 
n50, 000134, 315, 337, SHVR, 1061, 20, 53.050000, ZIC, 1485, 20, 74.250000, 
n50, 000140, 300, 353, SHVR, 1216, 20, 60.800000, ZIC, 1497, 20, 74.850000, 
n50, 000169, 300, 332, SHVR, 1216, 20, 60.800000, ZIC, 1512, 20, 75.600000, 
n50, 000180, 293, 347, SHVR, 1247, 20, 62.350000, ZIC, 1534, 20, 76.700000, 
n50, 000181, 296, 338, SHVR, 1267, 20, 63.350000, ZIC, 1630, 20, 81.500000, 
n50, 000181, 297, 347, SHVR, 1303, 20, 65.150000, ZIC, 1774, 20, 88.700000, 
n50, 000182, 302, 312, SHVR, 1304, 20, 65.200000, ZIC, 1839, 20, 91.950000, 
n50, 000182, 307, 310, SHVR, 1304, 20, 65.200000, ZIC, 1968, 20, 98.400000, 
n50, 000183, 309, 310, SHVR, 1395, 20, 69.750000, ZIC, 1968, 20, 98.400000, 
n50, 000183, 309, 316, SHVR, 1423, 20, 71.150000, ZIC, 1968, 20, 98.400000, 
n50, 000184, 310, 315, SHVR, 1426, 20, 71.300000, ZIC, 2043, 20, 102.150000, 
n50, 000184, 311, 314, SHVR, 1429, 20, 71.450000, ZIC, 2182, 20, 109.100000, 
n50, 000185, 310, 312, SHVR, 1470, 20, 73.500000, ZIC, 2182, 20, 109.100000, 
n50, 000186, 306, 351, SHVR, 1624, 20, 81.200000, ZIC, 2182, 20, 109.100000, 
n50, 000189, 300, 322, SHVR, 1791, 20, 89.550000, ZIC, 2182, 20, 109.100000, 
n50, 000191, 300, 381, SHVR, 1791, 20, 89.550000, ZIC, 2286, 20, 114.300000, 
n50, 000240, 301, 310, SHVR, 1791, 20, 89.550000, ZIC, 2402, 20, 120.100000, 
n50, 000241, 301, 310, SHVR, 1791, 20, 89.550000, ZIC, 2468, 20, 123.400000, 
n50, 000241, 303, 310, SHVR, 1791, 20, 89.550000, ZIC, 2572, 20, 128.600000, 
n50, 000241, 306, 310, SHVR, 1791, 20, 89.550000, ZIC, 2752, 20, 137.600000, 
n50, 000241, 309, 310, SHVR, 1945, 20, 97.250000, ZIC, 2752, 20, 137.600000, 
n50, 000242, 308, 310, SHVR, 1998, 20, 99.900000, ZIC, 2752, 20, 137.600000, 
n50, 000242, 309, 310, SHVR, 2039, 20, 101.950000, ZIC, 2752, 20, 137.600000, 
n50, 000242, 309, 310, SHVR, 2130, 20, 106.500000, ZIC, 2752, 20, 137.600000, 
n50, 000242, 309, 310, SHVR, 2130, 20, 106.500000, ZIC, 2894, 20, 144.700000, 
n50, 000242, 309, 310, SHVR, 2130, 20, 106.500000, ZIC, 3023, 20, 151.150000, 
n50, 000243, 309, 324, SHVR, 2297, 20, 114.850000, ZIC, 3023, 20, 151.150000, 
n50, 000246, 312, 344, SHVR, 2297, 20, 114.850000, ZIC, 3101, 20, 155.050000, 
n50, 000257, 300, 341, SHVR, 2313, 20, 115.650000, ZIC, 3113, 20, 155.650000, 
n50, 000277, 300, 327, SHVR, 2313, 20, 115.650000, ZIC, 3128, 20, 156.400000, 
n50, 000301, 309, 317, SHVR, 2319, 20, 115.950000, ZIC, 3302, 20, 165.100000, 
n50, 000301, 309, 318, SHVR, 2326, 20, 116.300000, ZIC, 3424, 20, 171.200000, 
n50, 000301, 309, 319, SHVR, 2334, 20, 116.700000, ZIC, 3494, 20, 174.700000, 
n50, 000301, 313, 318, SHVR, 2341, 20, 117.050000, ZIC, 3502, 20, 175.100000, 
n50, 000302, 313, 317, SHVR, 2369, 20, 118.450000, ZIC, 3502, 20, 175.100000, 
n50, 000302, 313, 329, SHVR, 2376, 20, 118.800000, ZIC, 3599, 20, 179.950000, 
n50, 000303, 318, 322, SHVR, 2387, 20, 119.350000, ZIC, 3704, 20, 185.200000, 
n50, 000303, 320, 322, SHVR, 2541, 20, 127.050000, ZIC, 3704, 20, 185.200000, 
n50, 000303, 321, 326, SHVR, 2594, 20, 129.700000, ZIC, 3704, 20, 185.200000, 
n50, 000304, 321, 326, SHVR, 2749, 20, 137.450000, ZIC, 3716, 20, 185.800000, 
n50, 000305, 323, 325, SHVR, 2776, 20, 138.800000, ZIC, 3730, 20, 186.500000, 
n50, 000305, 301, 324, SHVR, 2854, 20, 142.700000, ZIC, 3743, 20, 187.150000, 
n50, 000307, 301, 324, SHVR, 2867, 20, 143.350000, ZIC, 3796, 20, 189.800000, 
n50, 000309, 300, 371, SHVR, 2867, 20, 143.350000, ZIC, 3938, 20, 196.900000, 
n50, 000360, 380, 399, SHVR, 2887, 20, 144.350000, ZIC, 4009, 20, 200.450000, 
n50, 000360, 334, 397, SHVR, 2887, 20, 144.350000, ZIC, 4151, 20, 207.550000, 
n50, 000360, 335, 395, SHVR, 2887, 20, 144.350000, ZIC, 4267, 20, 213.350000, 
n50, 000361, 379, 384, SHVR, 2984, 20, 149.200000, ZIC, 4337, 20, 216.850000, 
n50, 000361, 338, 382, SHVR, 2984, 20, 149.200000, ZIC, 4517, 20, 225.850000, 
n50, 000362, 338, 340, SHVR, 3037, 20, 151.850000, ZIC, 4517, 20, 225.850000, 
n50, 000362, 336, 340, SHVR, 3065, 20, 153.250000, ZIC, 4517, 20, 225.850000, 
n50, 000362, 336, 338, SHVR, 3092, 20, 154.600000, ZIC, 4556, 20, 227.800000, 
n50, 000363, 335, 338, SHVR, 3133, 20, 156.650000, ZIC, 4556, 20, 227.800000, 
n50, 000363, 300, 336, SHVR, 3287, 20, 164.350000, ZIC, 4556, 20, 227.800000, 
n50, 000366, 300, 310, SHVR, 3287, 20, 164.350000, ZIC, 4660, 20, 233.000000, 
n50, 000368, 300, 310, SHVR, 3287, 20, 164.350000, ZIC, 4675, 20, 233.750000, 
n50, 000368, 300, 310, SHVR, 3287, 20, 164.350000, ZIC, 4753, 20, 237.650000, 
n50, 000370, 300, 310, SHVR, 3287, 20, 164.350000, ZIC, 4882, 20, 244.100000, 
n50, 000420, 253, 315, SHVR, 3291, 20, 164.550000, ZIC, 5020, 20, 251.000000, 
n50, 000421, 258, 311, SHVR, 3291, 20, 164.550000, ZIC, 5200, 20, 260.000000, 
n50, 000421, 258, 310, SHVR, 3291, 20, 164.550000, ZIC, 5278, 20, 263.900000, 
n50, 000422, 261, 310, SHVR, 3291, 20, 164.550000, ZIC, 5407, 20, 270.350000, 
n50, 000422, 269, 310, SHVR, 3291, 20, 164.550000, ZIC, 5511, 20, 275.550000, 
n50, 000423, 272, 310, SHVR, 3291, 20, 164.550000, ZIC, 5627, 20, 281.350000, 
n50, 000428, 309, 310, SHVR, 3332, 20, 166.600000, ZIC, 5627, 20, 281.350000, 
n50, 000428, 309, 310, SHVR, 3360, 20, 168.000000, ZIC, 5627, 20, 281.350000, 
n50, 000428, 309, 310, SHVR, 3514, 20, 175.700000, ZIC, 5627, 20, 281.350000, 
n50, 000428, 309, 338, SHVR, 3605, 20, 180.250000, ZIC, 5627, 20, 281.350000, 
n50, 000430, 315, 359, SHVR, 3605, 20, 180.250000, ZIC, 5693, 20, 284.650000, 
n50, 000431, 311, 372, SHVR, 3766, 20, 188.300000, ZIC, 5699, 20, 284.950000, 
n50, 000433, 300, 348, SHVR, 3817, 20, 190.850000, ZIC, 5701, 20, 285.050000, 
n50, 000481, 396, 408, SHVR, 3821, 20, 191.050000, ZIC, 5788, 20, 289.400000, 
n50, 000481, 395, 401, SHVR, 3889, 20, 194.450000, ZIC, 5874, 20, 293.700000, 
n50, 000482, 351, 398, SHVR, 3889, 20, 194.450000, ZIC, 5978, 20, 298.900000, 
n50, 000483, 360, 380, SHVR, 4005, 20, 200.250000, ZIC, 6029, 20, 301.450000, 
n50, 000484, 358, 374, SHVR, 4005, 20, 200.250000, ZIC, 6209, 20, 310.450000, 
n50, 000484, 351, 374, SHVR, 4005, 20, 200.250000, ZIC, 6325, 20, 316.250000, 
n50, 000484, 352, 368, SHVR, 4062, 20, 203.100000, ZIC, 6397, 20, 319.850000, 
n50, 000486, 351, 354, SHVR, 4115, 20, 205.750000, ZIC, 6397, 20, 319.850000, 
n50, 000486, 338, 352, SHVR, 4115, 20, 205.750000, ZIC, 6438, 20, 321.900000, 
n50, 000488, 312, 339, SHVR, 4143, 20, 207.150000, ZIC, 6438, 20, 321.900000, 
n50, 000488, 312, 339, SHVR, 4171, 20, 208.550000, ZIC, 6488, 20, 324.400000, 
n50, 000489, 312, 340, SHVR, 4200, 20, 210.000000, ZIC, 6525, 20, 326.250000, 
n50, 000489, 300, 340, SHVR, 4229, 20, 211.450000, ZIC, 6638, 20, 331.900000, 
n50, 000540, 92, 372, SHVR, 4290, 20, 214.500000, ZIC, 6681, 20, 334.050000, 
n50, 000541, 303, 332, SHVR, 4311, 20, 215.550000, ZIC, 6789, 20, 339.450000, 
n50, 000542, 307, 310, SHVR, 4311, 20, 215.550000, ZIC, 6969, 20, 348.450000, 
n50, 000542, 309, 310, SHVR, 4402, 20, 220.100000, ZIC, 6969, 20, 348.450000, 
n50, 000543, 309, 310, SHVR, 4455, 20, 222.750000, ZIC, 6969, 20, 348.450000, 
n50, 000543, 307, 310, SHVR, 4496, 20, 224.800000, ZIC, 6969, 20, 348.450000, 
n50, 000545, 309, 310, SHVR, 4496, 20, 224.800000, ZIC, 7085, 20, 354.250000, 
n50, 000545, 308, 310, SHVR, 4663, 20, 233.150000, ZIC, 7085, 20, 354.250000, 
n50, 000546, 308, 310, SHVR, 4663, 20, 233.150000, ZIC, 7100, 20, 355.000000, 
n50, 000546, 308, 323, SHVR, 4663, 20, 233.150000, ZIC, 7242, 20, 362.100000, 
n50, 000548, 312, 344, SHVR, 4663, 20, 233.150000, ZIC, 7320, 20, 366.000000, 
n50, 000549, 315, 344, SHVR, 4663, 20, 233.150000, ZIC, 7386, 20, 369.300000, 
n50, 000550, 315, 344, SHVR, 4685, 20, 234.250000, ZIC, 7392, 20, 369.600000, 
n50, 000550, 300, 365, SHVR, 4834, 20, 241.700000, ZIC, 7397, 20, 369.850000, 
n50, 000600, 196, 433, SHVR, 4834, 20, 241.700000, ZIC, 7577, 20, 378.850000, 
n50, 000600, 331, 412, SHVR, 4903, 20, 245.150000, ZIC, 7599, 20, 379.950000, 
n50, 000601, 300, 411, SHVR, 4903, 20, 245.150000, ZIC, 7741, 20, 387.050000, 
n50, 000602, 326, 340, SHVR, 4932, 20, 246.600000, ZIC, 7816, 20, 390.800000, 
n50, 000602, 310, 338, SHVR, 4959, 20, 247.950000, ZIC, 7867, 20, 393.350000, 
n50, 000603, 318, 320, SHVR, 5000, 20, 250.000000, ZIC, 7867, 20, 393.350000, 
n50, 000603, 317, 319, SHVR, 5167, 20, 258.350000, ZIC, 7867, 20, 393.350000, 
n50, 000603, 317, 320, SHVR, 5176, 20, 258.800000, ZIC, 7924, 20, 396.200000, 
n50, 000603, 316, 319, SHVR, 5330, 20, 266.500000, ZIC, 7924, 20, 396.200000, 
n50, 000604, 316, 318, SHVR, 5383, 20, 269.150000, ZIC, 7924, 20, 396.200000, 
n50, 000604, 300, 318, SHVR, 5411, 20, 270.550000, ZIC, 7924, 20, 396.200000, 
n50, 000604, 300, 320, SHVR, 5419, 20, 270.950000, ZIC, 8045, 20, 402.250000, 
n50, 000604, 300, 318, SHVR, 5419, 20, 270.950000, ZIC, 8161, 20, 408.050000, 
n50, 000648, 300, 311, SHVR, 5419, 20, 270.950000, ZIC, 8164, 20, 408.200000, 
n50, 000660, 55, 319, SHVR, 5427, 20, 271.350000, ZIC, 8234, 20, 411.700000, 
n50, 000661, 192, 318, SHVR, 5434, 20, 271.700000, ZIC, 8356, 20, 417.800000, 
n50, 000661, 246, 315, SHVR, 5438, 20, 271.900000, ZIC, 8418, 20, 420.900000, 
n50, 000662, 263, 311, SHVR, 5438, 20, 271.900000, ZIC, 8560, 20, 428.000000, 
n50, 000663, 303, 310, SHVR, 5438, 20, 271.900000, ZIC, 8740, 20, 437.000000, 
n50, 000664, 309, 310, SHVR, 5466, 20, 273.300000, ZIC, 8740, 20, 437.000000, 
n50, 000664, 309, 310, SHVR, 5507, 20, 275.350000, ZIC, 8740, 20, 437.000000, 
n50, 000664, 309, 310, SHVR, 5507, 20, 275.350000, ZIC, 8844, 20, 442.200000, 
n50, 000664, 309, 310, SHVR, 5560, 20, 278.000000, ZIC, 8844, 20, 442.200000, 
n50, 000664, 308, 328, SHVR, 5651, 20, 282.550000, ZIC, 8844, 20, 442.200000, 
n50, 000666, 311, 328, SHVR, 5651, 20, 282.550000, ZIC, 8960, 20, 448.000000, 
n50, 000669, 316, 320, SHVR, 5798, 20, 289.900000, ZIC, 8967, 20, 448.350000, 
n50, 000671, 300, 322, SHVR, 5958, 20, 297.900000, ZIC, 8974, 20, 448.700000, 
n50, 000675, 300, 319, SHVR, 5958, 20, 297.900000, ZIC, 8989, 20, 449.450000, 
n50, 000721, 303, 331, SHVR, 5978, 20, 298.900000, ZIC, 9098, 20, 454.900000, 
n50, 000721, 303, 332, SHVR, 5999, 20, 299.950000, ZIC, 9193, 20, 459.650000, 
n50, 000722, 312, 316, SHVR, 6004, 20, 300.200000, ZIC, 9266, 20, 463.300000, 
n50, 000722, 312, 315, SHVR, 6032, 20, 301.600000, ZIC, 9266, 20, 463.300000, 
n50, 000722, 306, 314, SHVR, 6035, 20, 301.750000, ZIC, 9329, 20, 466.450000, 
n50, 000723, 310, 314, SHVR, 6126, 20, 306.300000, ZIC, 9329, 20, 466.450000, 
n50, 000723, 313, 315, SHVR, 6293, 20, 314.650000, ZIC, 9329, 20, 466.450000, 
n50, 000724, 306, 315, SHVR, 6334, 20, 316.700000, ZIC, 9329, 20, 466.450000, 
n50, 000725, 310, 321, SHVR, 6336, 20, 316.800000, ZIC, 9507, 20, 475.350000, 
n50, 000728, 313, 342, SHVR, 6490, 20, 324.500000, ZIC, 9507, 20, 475.350000, 
n50, 000730, 314, 347, SHVR, 6490, 20, 324.500000, ZIC, 9611, 20, 480.550000, 
n50, 000731, 300, 383, SHVR, 6536, 20, 326.800000, ZIC, 9618, 20, 480.900000, 
n50, 000733, 300, 334, SHVR, 6536, 20, 326.800000, ZIC, 9760, 20, 488.000000, 
n50, 000748, 300, 326, SHVR, 6536, 20, 326.800000, ZIC, 9775, 20, 488.750000, 
n50, 000781, 259, 321, SHVR, 6546, 20, 327.300000, ZIC, 9945, 20, 497.250000, 
n50, 000781, 264, 310, SHVR, 6546, 20, 327.300000, ZIC, 10023, 20, 501.150000, 
n50, 000781, 266, 311, SHVR, 6546, 20, 327.300000, ZIC, 10089, 20, 504.450000, 
n50, 000781, 266, 317, SHVR, 6546, 20, 327.300000, ZIC, 10231, 20, 511.550000, 
n50, 000782, 282, 316, SHVR, 6551, 20, 327.550000, ZIC, 10342, 20, 517.100000, 
n50, 000783, 290, 315, SHVR, 6554, 20, 327.700000, ZIC, 10468, 20, 523.400000, 
n50, 000786, 308, 310, SHVR, 6554, 20, 327.700000, ZIC, 10572, 20, 528.600000, 
n50, 000786, 309, 310, SHVR, 6645, 20, 332.250000, ZIC, 10572, 20, 528.600000, 
n50, 000786, 309, 310, SHVR, 6812, 20, 340.600000, ZIC, 10572, 20, 528.600000, 
n50, 000786, 307, 310, SHVR, 6840, 20, 342.000000, ZIC, 10572, 20, 528.600000, 
n50, 000788, 308, 310, SHVR, 6881, 20, 344.050000, ZIC, 10572, 20, 528.600000, 
n50, 000789, 309, 317, SHVR, 7035, 20, 351.750000, ZIC, 10572, 20, 528.600000, 
n50, 000790, 309, 353, SHVR, 7035, 20, 351.750000, ZIC, 10587, 20, 529.350000, 
n50, 000795, 300, 331, SHVR, 7084, 20, 354.200000, ZIC, 10591, 20, 529.550000, 
n50, 000841, 275, 313, SHVR, 7086, 20, 354.300000, ZIC, 10718, 20, 535.900000, 
n50, 000842, 282, 310, SHVR, 7086, 20, 354.300000, ZIC, 10784, 20, 539.200000, 
n50, 000844, 291, 310, SHVR, 7086, 20, 354.300000, ZIC, 10964, 20, 548.200000, 
n50, 000844, 291, 310, SHVR, 7086, 20, 354.300000, ZIC, 10967, 20, 548.350000, 
n50, 000844, 293, 310, SHVR, 7086, 20, 354.300000, ZIC, 11083, 20, 554.150000, 
n50, 000845, 295, 310, SHVR, 7086, 20, 354.300000, ZIC, 11161, 20, 558.050000, 
n50, 000845, 301, 310, SHVR, 7086, 20, 354.300000, ZIC, 11303, 20, 565.150000, 
n50, 000846, 309, 310, SHVR, 7139, 20, 356.950000, ZIC, 11303, 20, 565.150000, 
n50, 000846, 309, 310, SHVR, 7293, 20, 364.650000, ZIC, 11303, 20, 565.150000, 
n50, 000848, 305, 318, SHVR, 7293, 20, 364.650000, ZIC, 11318, 20, 565.900000, 
n50, 000849, 311, 337, SHVR, 7332, 20, 366.600000, ZIC, 11320, 20, 566.000000, 
n50, 000852, 320, 329, SHVR, 7349, 20, 367.450000, ZIC, 11331, 20, 566.550000, 
n50, 000854, 322, 365, SHVR, 7349, 20, 367.450000, ZIC, 11435, 20, 571.750000, 
n50, 000855, 321, 365, SHVR, 7428, 20, 371.400000, ZIC, 11447, 20, 572.350000, 
n50, 000855, 300, 384, SHVR, 7581, 20, 379.050000, ZIC, 11461, 20, 573.050000, 
n50, 000901, 322, 327, SHVR, 7609, 20, 380.450000, ZIC, 11474, 20, 573.700000, 
n50, 000901, 321, 327, SHVR, 7764, 20, 388.200000, ZIC, 11486, 20, 574.300000, 
n50, 000902, 322, 325, SHVR, 7778, 20, 388.900000, ZIC, 11614, 20, 580.700000, 
n50, 000902, 320, 324, SHVR, 7920, 20, 396.000000, ZIC, 11626, 20, 581.300000, 
n50, 000902, 320, 322, SHVR, 7973, 20, 398.650000, ZIC, 11626, 20, 581.300000, 
n50, 000902, 320, 322, SHVR, 7984, 20, 399.200000, ZIC, 11731, 20, 586.550000, 
n50, 000902, 320, 323, SHVR, 7996, 20, 399.800000, ZIC, 11848, 20, 592.400000, 
n50, 000902, 304, 322, SHVR, 8024, 20, 401.200000, ZIC, 11848, 20, 592.400000, 
n50, 000903, 306, 325, SHVR, 8036, 20, 401.800000, ZIC, 11940, 20, 597.000000, 
n50, 000903, 306, 330, SHVR, 8055, 20, 402.750000, ZIC, 12101, 20, 605.050000, 
n50, 000906, 306, 310, SHVR, 8055, 20, 402.750000, ZIC, 12167, 20, 608.350000, 
n50, 000911, 309, 310, SHVR, 8055, 20, 402.750000, ZIC, 12245, 20, 612.250000, 
n50, 000912, 300, 311, SHVR, 8146, 20, 407.300000, ZIC, 12245, 20, 612.250000, 
n50, 000923, 300, 317, SHVR, 8146, 20, 407.300000, ZIC, 12260, 20, 613.000000, 
n50, 000961, 255, 354, SHVR, 8146, 20, 407.300000, ZIC, 12440, 20, 622.000000, 
n50, 000963, 270, 332, SHVR, 8167, 20, 408.350000, ZIC, 12561, 20, 628.050000, 
n50, 000966, 295, 310, SHVR, 8167, 20, 408.350000, ZIC, 12690, 20, 634.500000, 
n50, 000966, 295, 310, SHVR, 8167, 20, 408.350000, ZIC, 12806, 20, 640.300000, 
n50, 000966, 309, 310, SHVR, 8321, 20, 416.050000, ZIC, 12806, 20, 640.300000, 
n50, 000966, 309, 310, SHVR, 8349, 20, 417.450000, ZIC, 12806, 20, 640.300000, 
n50, 000967, 309, 310, SHVR, 8402, 20, 420.100000, ZIC, 12806, 20, 640.300000, 
n50, 000967, 308, 310, SHVR, 8443, 20, 422.150000, ZIC, 12806, 20, 640.300000, 
n50, 000967, 309, 310, SHVR, 8610, 20, 430.500000, ZIC, 12806, 20, 640.300000, 
n50, 000969, 309, 310, SHVR, 8610, 20, 430.500000, ZIC, 12884, 20, 644.200000, 
n50, 000970, 300, 312, SHVR, 8701, 20, 435.050000, ZIC, 12884, 20, 644.200000, 
n50, 000981, 300, 350, SHVR, 8701, 20, 435.050000, ZIC, 12950, 20, 647.500000, 
n50, 000982, 300, 321, SHVR, 8701, 20, 435.050000, ZIC, 13054, 20, 652.700000, 
n50, 001006, 300, 331, SHVR, 8701, 20, 435.050000, ZIC, 13069, 20, 653.450000, 
n50, 001020, 324, 368, SHVR, 8758, 20, 437.900000, ZIC, 13192, 20, 659.600000, 
n50, 001021, 291, 365, SHVR, 8794, 20, 439.700000, ZIC, 13298, 20, 664.900000, 
n50, 001022, 345, 360, SHVR, 8811, 20, 440.550000, ZIC, 13334, 20, 666.700000, 
n50, 001023, 347, 352, SHVR, 8863, 20, 443.150000, ZIC, 13373, 20, 668.650000, 
n50, 001023, 349, 351, SHVR, 8864, 20, 443.200000, ZIC, 13413, 20, 670.650000, 
n50, 001023, 344, 352, SHVR, 9018, 20, 450.900000, ZIC, 13413, 20, 670.650000, 
n50, 001023, 344, 349, SHVR, 9056, 20, 452.800000, ZIC, 13491, 20, 674.550000, 
n50, 001024, 344, 346, SHVR, 9223, 20, 461.150000, ZIC, 13491, 20, 674.550000, 
n50, 001024, 338, 346, SHVR, 9223, 20, 461.150000, ZIC, 13569, 20, 678.450000, 
n50, 001024, 302, 339, SHVR, 9251, 20, 462.550000, ZIC, 13569, 20, 678.450000, 
n50, 001025, 302, 340, SHVR, 9280, 20, 464.000000, ZIC, 13606, 20, 680.300000, 
n50, 001025, 302, 338, SHVR, 9307, 20, 465.350000, ZIC, 13683, 20, 684.150000, 
n50, 001028, 300, 316, SHVR, 9307, 20, 465.350000, ZIC, 13812, 20, 690.600000, 
n50, 001054, 300, 310, SHVR, 9307, 20, 465.350000, ZIC, 13827, 20, 691.350000, 
n50, 001081, 287, 312, SHVR, 9308, 20, 465.400000, ZIC, 13904, 20, 695.200000, 
n50, 001081, 291, 312, SHVR, 9309, 20, 465.450000, ZIC, 14045, 20, 702.250000, 
n50, 001082, 294, 311, SHVR, 9309, 20, 465.450000, ZIC, 14225, 20, 711.250000, 
n50, 001082, 299, 310, SHVR, 9309, 20, 465.450000, ZIC, 14291, 20, 714.550000, 
n50, 001082, 299, 310, SHVR, 9309, 20, 465.450000, ZIC, 14420, 20, 721.000000, 
n50, 001083, 303, 310, SHVR, 9309, 20, 465.450000, ZIC, 14536, 20, 726.800000, 
n50, 001084, 309, 310, SHVR, 9309, 20, 465.450000, ZIC, 14640, 20, 732.000000, 
n50, 001084, 309, 310, SHVR, 9476, 20, 473.800000, ZIC, 14640, 20, 732.000000, 
n50, 001084, 309, 310, SHVR, 9504, 20, 475.200000, ZIC, 14640, 20, 732.000000, 
n50, 001085, 309, 336, SHVR, 9658, 20, 482.900000, ZIC, 14640, 20, 732.000000, 
n50, 001086, 310, 322, SHVR, 9709, 20, 485.450000, ZIC, 14642, 20, 732.100000, 
n50, 001090, 306, 343, SHVR, 9794, 20, 489.700000, ZIC, 14648, 20, 732.400000, 
n50, 001098, 300, 321, SHVR, 9830, 20, 491.500000, ZIC, 14653, 20, 732.650000, 
n50, 001120, 300, 332, SHVR, 9830, 20, 491.500000, ZIC, 14668, 20, 733.400000, 
n50, 001142, 303, 322, SHVR, 9840, 20, 492.000000, ZIC, 14774, 20, 738.700000, 
n50, 001142, 304, 323, SHVR, 9852, 20, 492.600000, ZIC, 14891, 20, 744.550000, 
n50, 001143, 311, 314, SHVR, 9905, 20, 495.250000, ZIC, 14891, 20, 744.550000, 
n50, 001143, 311, 313, SHVR, 9933, 20, 496.650000, ZIC, 14891, 20, 744.550000, 
n50, 001143, 308, 312, SHVR, 10100, 20, 505.000000, ZIC, 14891, 20, 744.550000, 
n50, 001144, 309, 312, SHVR, 10191, 20, 509.550000, ZIC, 14891, 20, 744.550000, 
n50, 001144, 309, 313, SHVR, 10193, 20, 509.650000, ZIC, 15031, 20, 751.550000, 
n50, 001144, 311, 314, SHVR, 10196, 20, 509.800000, ZIC, 15106, 20, 755.300000, 
n50, 001144, 311, 317, SHVR, 10200, 20, 510.000000, ZIC, 15282, 20, 764.100000, 
n50, 001146, 311, 317, SHVR, 10241, 20, 512.050000, ZIC, 15282, 20, 764.100000, 
n50, 001146, 311, 337, SHVR, 10241, 20, 512.050000, ZIC, 15348, 20, 767.400000, 
n50, 001149, 300, 326, SHVR, 10387, 20, 519.350000, ZIC, 15356, 20, 767.800000, 
n50, 001153, 300, 345, SHVR, 10387, 20, 519.350000, ZIC, 15460, 20, 773.000000, 
n50, 001200, None, None, SHVR, 10387, 20, 519.350000, ZIC, 15589, 20, 779.450000, 
n50, 001202, 303, 333, SHVR, 10387, 20, 519.350000, ZIC, 15667, 20, 783.350000, 
n50, 001203, 313, 325, SHVR, 10401, 20, 520.050000, ZIC, 15795, 20, 789.750000, 
n50, 001203, 318, 321, SHVR, 10411, 20, 520.550000, ZIC, 15901, 20, 795.050000, 
n50, 001204, 317, 319, SHVR, 10578, 20, 528.900000, ZIC, 15901, 20, 795.050000, 
n50, 001204, 317, 319, SHVR, 10669, 20, 533.450000, ZIC, 15901, 20, 795.050000, 
n50, 001204, 318, 320, SHVR, 10823, 20, 541.150000, ZIC, 15901, 20, 795.050000, 
n50, 001204, 314, 319, SHVR, 10876, 20, 543.800000, ZIC, 15901, 20, 795.050000, 
n50, 001205, 314, 317, SHVR, 10904, 20, 545.200000, ZIC, 15901, 20, 795.050000, 
n50, 001206, 300, 316, SHVR, 10945, 20, 547.250000, ZIC, 15901, 20, 795.050000, 
n50, 001208, 300, 310, SHVR, 10945, 20, 547.250000, ZIC, 16005, 20, 800.250000, 
n50, 001209, 300, 313, SHVR, 10945, 20, 547.250000, ZIC, 16185, 20, 809.250000, 
n50, 001221, 300, 327, SHVR, 10945, 20, 547.250000, ZIC, 16251, 20, 812.550000, 
n50, 001224, 300, 318, SHVR, 10945, 20, 547.250000, ZIC, 16254, 20, 812.700000, 
n50, 001261, 320, 322, SHVR, 10973, 20, 548.650000, ZIC, 16254, 20, 812.700000, 
n50, 001261, 320, 322, SHVR, 11064, 20, 553.200000, ZIC, 16254, 20, 812.700000, 
n50, 001261, 320, 322, SHVR, 11075, 20, 553.750000, ZIC, 16347, 20, 817.350000, 
n50, 001262, 320, 322, SHVR, 11128, 20, 556.400000, ZIC, 16347, 20, 817.350000, 
n50, 001262, 319, 321, SHVR, 11282, 20, 564.100000, ZIC, 16347, 20, 817.350000, 
n50, 001262, 300, 320, SHVR, 11323, 20, 566.150000, ZIC, 16347, 20, 817.350000, 
n50, 001263, 303, 310, SHVR, 11323, 20, 566.150000, ZIC, 16425, 20, 821.250000, 
n50, 001263, 303, 311, SHVR, 11323, 20, 566.150000, ZIC, 16567, 20, 828.350000, 
n50, 001264, 303, 310, SHVR, 11323, 20, 566.150000, ZIC, 16696, 20, 834.800000, 
n50, 001264, 303, 390, SHVR, 11323, 20, 566.150000, ZIC, 16876, 20, 843.800000, 
n50, 001266, 307, 360, SHVR, 11323, 20, 566.150000, ZIC, 16992, 20, 849.600000, 
n50, 001273, 321, 350, SHVR, 11323, 20, 566.150000, ZIC, 17058, 20, 852.900000, 
n50, 001277, 300, 331, SHVR, 11475, 20, 573.750000, ZIC, 17073, 20, 853.650000, 
n50, 001321, 338, 345, SHVR, 11509, 20, 575.450000, ZIC, 17181, 20, 859.050000, 
n50, 001321, 339, 343, SHVR, 11541, 20, 577.050000, ZIC, 17253, 20, 862.650000, 
n50, 001322, 338, 342, SHVR, 11564, 20, 578.200000, ZIC, 17283, 20, 864.150000, 
n50, 001322, 338, 343, SHVR, 11596, 20, 579.800000, ZIC, 17431, 20, 871.550000, 
n50, 001322, 339, 342, SHVR, 11627, 20, 581.350000, ZIC, 17516, 20, 875.800000, 
n50, 001323, 340, 342, SHVR, 11668, 20, 583.400000, ZIC, 17516, 20, 875.800000, 
n50, 001323, 338, 342, SHVR, 11835, 20, 591.750000, ZIC, 17516, 20, 875.800000, 
n50, 001323, 338, 342, SHVR, 11960, 20, 598.000000, ZIC, 17545, 20, 877.250000, 
n50, 001323, 338, 346, SHVR, 11992, 20, 599.600000, ZIC, 17579, 20, 878.950000, 
n50, 001324, 338, 342, SHVR, 12023, 20, 601.150000, ZIC, 17677, 20, 883.850000, 
n50, 001324, 300, 342, SHVR, 12023, 20, 601.150000, ZIC, 17705, 20, 885.250000, 
n50, 001326, 302, 314, SHVR, 12026, 20, 601.300000, ZIC, 17780, 20, 889.000000, 
n50, 001334, 305, 335, SHVR, 12027, 20, 601.350000, ZIC, 17794, 20, 889.700000, 
n50, 001344, 300, 324, SHVR, 12115, 20, 605.750000, ZIC, 17797, 20, 889.850000, 
n50, 001381, 213, 310, SHVR, 12115, 20, 605.750000, ZIC, 17977, 20, 898.850000, 
n50, 001382, 301, 310, SHVR, 12115, 20, 605.750000, ZIC, 18055, 20, 902.750000, 
n50, 001382, 304, 310, SHVR, 12115, 20, 605.750000, ZIC, 18197, 20, 909.850000, 
n50, 001383, 306, 310, SHVR, 12115, 20, 605.750000, ZIC, 18263, 20, 913.150000, 
n50, 001383, 309, 310, SHVR, 12282, 20, 614.100000, ZIC, 18263, 20, 913.150000, 
n50, 001383, 309, 310, SHVR, 12436, 20, 621.800000, ZIC, 18263, 20, 913.150000, 
n50, 001383, 308, 310, SHVR, 12464, 20, 623.200000, ZIC, 18263, 20, 913.150000, 
n50, 001383, 308, 310, SHVR, 12464, 20, 623.200000, ZIC, 18379, 20, 918.950000, 
n50, 001383, 308, 310, SHVR, 12464, 20, 623.200000, ZIC, 18483, 20, 924.150000, 
n50, 001384, 309, 349, SHVR, 12555, 20, 627.750000, ZIC, 18483, 20, 924.150000, 
n50, 001392, 324, 330, SHVR, 12593, 20, 629.650000, ZIC, 18498, 20, 924.900000, 
n50, 001392, 300, 330, SHVR, 12620, 20, 631.000000, ZIC, 18512, 20, 925.600000, 
n50, 001393, 300, 331, SHVR, 12639, 20, 631.950000, ZIC, 18622, 20, 931.100000, 
n50, 001442, 309, 311, SHVR, 12639, 20, 631.950000, ZIC, 18637, 20, 931.850000, 
n50, 001442, 310, 312, SHVR, 12667, 20, 633.350000, ZIC, 18637, 20, 931.850000, 
n50, 001442, 310, 312, SHVR, 12668, 20, 633.400000, ZIC, 18816, 20, 940.800000, 
n50, 001442, 310, 312, SHVR, 12669, 20, 633.450000, ZIC, 18893, 20, 944.650000, 
n50, 001443, 310, 313, SHVR, 12836, 20, 641.800000, ZIC, 18893, 20, 944.650000, 
n50, 001443, 311, 351, SHVR, 12839, 20, 641.950000, ZIC, 19032, 20, 951.600000, 
n50, 001443, 311, 341, SHVR, 12890, 20, 644.500000, ZIC, 19034, 20, 951.700000, 
n50, 001443, 312, 340, SHVR, 12890, 20, 644.500000, ZIC, 19150, 20, 957.500000, 
n50, 001445, 314, 336, SHVR, 12890, 20, 644.500000, ZIC, 19254, 20, 962.700000, 
n50, 001446, 317, 324, SHVR, 12902, 20, 645.100000, ZIC, 19371, 20, 968.550000, 
n50, 001447, 317, 327, SHVR, 12982, 20, 649.100000, ZIC, 19382, 20, 969.100000, 
n50, 001449, 321, 322, SHVR, 13136, 20, 656.800000, ZIC, 19382, 20, 969.100000, 
n50, 001449, 300, 325, SHVR, 13165, 20, 658.250000, ZIC, 19394, 20, 969.700000, 
n50, 001452, 300, 322, SHVR, 13174, 20, 658.700000, ZIC, 19451, 20, 972.550000, 
n50, 001502, 312, 321, SHVR, 13184, 20, 659.200000, ZIC, 19621, 20, 981.050000, 
n50, 001502, 312, 321, SHVR, 13194, 20, 659.700000, ZIC, 19689, 20, 984.450000, 
n50, 001503, 312, 320, SHVR, 13203, 20, 660.150000, ZIC, 19746, 20, 987.300000, 
n50, 001503, 316, 318, SHVR, 13244, 20, 662.200000, ZIC, 19746, 20, 987.300000, 
n50, 001503, 316, 318, SHVR, 13398, 20, 669.900000, ZIC, 19746, 20, 987.300000, 
n50, 001503, 315, 319, SHVR, 13451, 20, 672.550000, ZIC, 19746, 20, 987.300000, 
n50, 001504, 316, 318, SHVR, 13479, 20, 673.950000, ZIC, 19746, 20, 987.300000, 
n50, 001505, 317, 319, SHVR, 13487, 20, 674.350000, ZIC, 19854, 20, 992.700000, 
n50, 001505, 317, 337, SHVR, 13654, 20, 682.700000, ZIC, 19854, 20, 992.700000, 
n50, 001506, 317, 346, SHVR, 13654, 20, 682.700000, ZIC, 19996, 20, 999.800000, 
n50, 001506, 315, 346, SHVR, 13738, 20, 686.900000, ZIC, 20003, 20, 1000.150000, 
n50, 001507, 315, 322, SHVR, 13738, 20, 686.900000, ZIC, 20132, 20, 1006.600000, 
n50, 001509, 300, 340, SHVR, 13738, 20, 686.900000, ZIC, 20236, 20, 1011.800000, 
n50, 001561, 260, 322, SHVR, 13749, 20, 687.450000, ZIC, 20354, 20, 1017.700000, 
n50, 001562, 263, 310, SHVR, 13749, 20, 687.450000, ZIC, 20369, 20, 1018.450000, 
n50, 001562, 268, 310, SHVR, 13749, 20, 687.450000, ZIC, 20549, 20, 1027.450000, 
n50, 001564, 309, 310, SHVR, 13903, 20, 695.150000, ZIC, 20549, 20, 1027.450000, 
n50, 001564, 307, 310, SHVR, 13931, 20, 696.550000, ZIC, 20549, 20, 1027.450000, 
n50, 001564, 308, 310, SHVR, 13931, 20, 696.550000, ZIC, 20665, 20, 1033.250000, 
n50, 001565, 309, 310, SHVR, 13931, 20, 696.550000, ZIC, 20807, 20, 1040.350000, 
n50, 001565, 308, 310, SHVR, 13972, 20, 698.600000, ZIC, 20807, 20, 1040.350000, 
n50, 001565, 309, 311, SHVR, 14063, 20, 703.150000, ZIC, 20807, 20, 1040.350000, 
n50, 001566, 309, 357, SHVR, 14064, 20, 703.200000, ZIC, 20910, 20, 1045.500000, 
n50, 001571, 317, 357, SHVR, 14223, 20, 711.150000, ZIC, 20918, 20, 1045.900000, 
n50, 001571, 303, 357, SHVR, 14268, 20, 713.400000, ZIC, 20926, 20, 1046.300000, 
n50, 001577, 300, 339, SHVR, 14268, 20, 713.400000, ZIC, 21004, 20, 1050.200000, 
n50, 001582, 302, 324, SHVR, 14268, 20, 713.400000, ZIC, 21070, 20, 1053.500000, 
n50, 001621, 317, 432, SHVR, 14268, 20, 713.400000, ZIC, 21186, 20, 1059.300000, 
n50, 001622, 338, 352, SHVR, 14309, 20, 715.450000, ZIC, 21287, 20, 1064.350000, 
n50, 001622, 338, 350, SHVR, 14348, 20, 717.400000, ZIC, 21428, 20, 1071.400000, 
n50, 001623, 340, 346, SHVR, 14370, 20, 718.500000, ZIC, 21459, 20, 1072.950000, 
n50, 001623, 337, 345, SHVR, 14507, 20, 725.350000, ZIC, 21489, 20, 1074.450000, 
n50, 001624, 338, 340, SHVR, 14661, 20, 733.050000, ZIC, 21489, 20, 1074.450000, 
n50, 001624, 338, 339, SHVR, 14689, 20, 734.450000, ZIC, 21489, 20, 1074.450000, 
n50, 001624, 337, 339, SHVR, 14730, 20, 736.500000, ZIC, 21489, 20, 1074.450000, 
n50, 001624, 317, 339, SHVR, 14730, 20, 736.500000, ZIC, 21618, 20, 1080.900000, 
n50, 001626, 300, 328, SHVR, 14813, 20, 740.650000, ZIC, 21626, 20, 1081.300000, 
n50, 001632, 300, 310, SHVR, 14813, 20, 740.650000, ZIC, 21641, 20, 1082.050000, 
n50, 001635, 300, 310, SHVR, 14813, 20, 740.650000, ZIC, 21707, 20, 1085.350000, 
n50, 001636, 300, 310, SHVR, 14813, 20, 740.650000, ZIC, 21811, 20, 1090.550000, 
n50, 001644, 300, 310, SHVR, 14813, 20, 740.650000, ZIC, 21889, 20, 1094.450000, 
n50, 001661, 300, 381, SHVR, 14813, 20, 740.650000, ZIC, 21892, 20, 1094.600000, 
n50, 001681, 338, 359, SHVR, 14950, 20, 747.500000, ZIC, 21922, 20, 1096.100000, 
n50, 001682, 341, 343, SHVR, 15104, 20, 755.200000, ZIC, 21922, 20, 1096.100000, 
n50, 001682, 341, 343, SHVR, 15195, 20, 759.750000, ZIC, 21922, 20, 1096.100000, 
n50, 001682, 341, 343, SHVR, 15227, 20, 761.350000, ZIC, 21994, 20, 1099.700000, 
n50, 001682, 341, 343, SHVR, 15259, 20, 762.950000, ZIC, 22104, 20, 1105.200000, 
n50, 001683, 340, 342, SHVR, 15290, 20, 764.500000, ZIC, 22202, 20, 1110.100000, 
n50, 001683, 338, 341, SHVR, 15343, 20, 767.150000, ZIC, 22202, 20, 1110.100000, 
n50, 001683, 338, 341, SHVR, 15373, 20, 768.650000, ZIC, 22238, 20, 1111.900000, 
n50, 001683, 295, 347, SHVR, 15401, 20, 770.050000, ZIC, 22238, 20, 1111.900000, 
n50, 001685, 300, 313, SHVR, 15403, 20, 770.150000, ZIC, 22416, 20, 1120.800000, 
n50, 001689, 303, 329, SHVR, 15403, 20, 770.150000, ZIC, 22494, 20, 1124.700000, 
n50, 001697, 309, 376, SHVR, 15403, 20, 770.150000, ZIC, 22509, 20, 1125.450000, 
n50, 001705, 300, 356, SHVR, 15431, 20, 771.550000, ZIC, 22522, 20, 1126.100000, 
n50, 001708, 300, 356, SHVR, 15431, 20, 771.550000, ZIC, 22638, 20, 1131.900000, 
n50, 001741, 203, 339, SHVR, 15431, 20, 771.550000, ZIC, 22818, 20, 1140.900000, 
n50, 001741, 203, 340, SHVR, 15460, 20, 773.000000, ZIC, 22931, 20, 1146.550000, 
n50, 001741, 307, 339, SHVR, 15488, 20, 774.400000, ZIC, 23019, 20, 1150.950000, 
n50, 001743, 322, 329, SHVR, 15506, 20, 775.300000, ZIC, 23130, 20, 1156.500000, 
n50, 001743, 324, 327, SHVR, 15532, 20, 776.600000, ZIC, 23145, 20, 1157.250000, 
n50, 001743, 324, 326, SHVR, 15560, 20, 778.000000, ZIC, 23145, 20, 1157.250000, 
n50, 001744, 324, 328, SHVR, 15651, 20, 782.550000, ZIC, 23145, 20, 1157.250000, 
n50, 001744, 326, 331, SHVR, 15668, 20, 783.400000, ZIC, 23206, 20, 1160.300000, 
n50, 001745, 326, 328, SHVR, 15721, 20, 786.050000, ZIC, 23206, 20, 1160.300000, 
n50, 001745, 323, 328, SHVR, 15859, 20, 792.950000, ZIC, 23222, 20, 1161.100000, 
n50, 001746, 325, 328, SHVR, 15876, 20, 793.800000, ZIC, 23309, 20, 1165.450000, 
n50, 001746, 300, 327, SHVR, 16043, 20, 802.150000, ZIC, 23309, 20, 1165.450000, 
n50, 001754, 300, 322, SHVR, 16048, 20, 802.400000, ZIC, 23370, 20, 1168.500000, 
n50, 001787, 300, 335, SHVR, 16048, 20, 802.400000, ZIC, 23385, 20, 1169.250000, 
n50, 001801, 387, 389, SHVR, 16202, 20, 810.100000, ZIC, 23385, 20, 1169.250000, 
n50, 001801, 363, 388, SHVR, 16279, 20, 813.950000, ZIC, 23437, 20, 1171.850000, 
n50, 001802, 363, 385, SHVR, 16315, 20, 815.750000, ZIC, 23492, 20, 1174.600000, 
n50, 001802, 351, 378, SHVR, 16315, 20, 815.750000, ZIC, 23545, 20, 1177.250000, 
n50, 001802, 351, 376, SHVR, 16440, 20, 822.000000, ZIC, 23587, 20, 1179.350000, 
n50, 001803, 345, 373, SHVR, 16440, 20, 822.000000, ZIC, 23628, 20, 1181.400000, 
n50, 001803, 338, 373, SHVR, 16440, 20, 822.000000, ZIC, 23744, 20, 1187.200000, 
n50, 001804, 338, 343, SHVR, 16472, 20, 823.600000, ZIC, 23816, 20, 1190.800000, 
n50, 001804, 338, 344, SHVR, 16504, 20, 825.200000, ZIC, 23850, 20, 1192.500000, 
n50, 001805, 300, 341, SHVR, 16532, 20, 826.600000, ZIC, 23850, 20, 1192.500000, 
n50, 001807, 300, 339, SHVR, 16559, 20, 827.950000, ZIC, 23965, 20, 1198.250000, 
n50, 001812, 300, 311, SHVR, 16559, 20, 827.950000, ZIC, 24145, 20, 1207.250000, 
n50, 001813, 300, 310, SHVR, 16559, 20, 827.950000, ZIC, 24223, 20, 1211.150000, 
n50, 001818, 300, 310, SHVR, 16559, 20, 827.950000, ZIC, 24238, 20, 1211.900000, 
n50, 001820, 300, 378, SHVR, 16559, 20, 827.950000, ZIC, 24241, 20, 1212.050000, 
n50, 001862, 298, 310, SHVR, 16559, 20, 827.950000, ZIC, 24421, 20, 1221.050000, 
n50, 001862, 303, 310, SHVR, 16559, 20, 827.950000, ZIC, 24537, 20, 1226.850000, 
n50, 001863, 308, 310, SHVR, 16587, 20, 829.350000, ZIC, 24537, 20, 1226.850000, 
n50, 001863, 308, 310, SHVR, 16587, 20, 829.350000, ZIC, 24679, 20, 1233.950000, 
n50, 001863, 308, 310, SHVR, 16587, 20, 829.350000, ZIC, 24808, 20, 1240.400000, 
n50, 001863, 309, 310, SHVR, 16741, 20, 837.050000, ZIC, 24808, 20, 1240.400000, 
n50, 001863, 308, 310, SHVR, 16794, 20, 839.700000, ZIC, 24808, 20, 1240.400000, 
n50, 001864, 308, 310, SHVR, 16885, 20, 844.250000, ZIC, 24808, 20, 1240.400000, 
n50, 001865, 308, 310, SHVR, 16885, 20, 844.250000, ZIC, 24874, 20, 1243.700000, 
n50, 001865, 308, 320, SHVR, 17052, 20, 852.600000, ZIC, 24874, 20, 1243.700000, 
n50, 001867, 309, 334, SHVR, 17052, 20, 852.600000, ZIC, 24978, 20, 1248.900000, 
n50, 001871, 316, 367, SHVR, 17052, 20, 852.600000, ZIC, 25056, 20, 1252.800000, 
n50, 001877, 300, 356, SHVR, 17084, 20, 854.200000, ZIC, 25065, 20, 1253.250000, 
n50, 001920, 300, 343, SHVR, 17084, 20, 854.200000, ZIC, 25068, 20, 1253.400000, 
n50, 001921, 330, 332, SHVR, 17125, 20, 856.250000, ZIC, 25068, 20, 1253.400000, 
n50, 001921, 330, 332, SHVR, 17157, 20, 857.850000, ZIC, 25089, 20, 1254.450000, 
n50, 001921, 298, 331, SHVR, 17324, 20, 866.200000, ZIC, 25089, 20, 1254.450000, 
n50, 001921, 298, 332, SHVR, 17345, 20, 867.250000, ZIC, 25210, 20, 1260.500000, 
n50, 001922, 300, 330, SHVR, 17364, 20, 868.200000, ZIC, 25257, 20, 1262.850000, 
n50, 001922, 301, 331, SHVR, 17384, 20, 869.200000, ZIC, 25353, 20, 1267.650000, 
n50, 001923, 306, 323, SHVR, 17395, 20, 869.750000, ZIC, 25420, 20, 1271.000000, 
n50, 001925, 310, 322, SHVR, 17406, 20, 870.300000, ZIC, 25538, 20, 1276.900000, 
n50, 001927, 313, 315, SHVR, 17560, 20, 878.000000, ZIC, 25538, 20, 1276.900000, 
n50, 001927, 314, 316, SHVR, 17565, 20, 878.250000, ZIC, 25637, 20, 1281.850000, 
n50, 001927, 314, 325, SHVR, 17593, 20, 879.650000, ZIC, 25637, 20, 1281.850000, 
n50, 001927, 314, 326, SHVR, 17593, 20, 879.650000, ZIC, 25817, 20, 1290.850000, 
n50, 001929, 300, 337, SHVR, 17679, 20, 883.950000, ZIC, 25822, 20, 1291.100000, 
n50, 001981, 1, 499, SHVR, 17679, 20, 883.950000, ZIC, 25926, 20, 1296.300000, 
n50, 001981, 3, 319, SHVR, 17687, 20, 884.350000, ZIC, 26098, 20, 1304.900000, 
n50, 001982, 306, 310, SHVR, 17687, 20, 884.350000, ZIC, 26164, 20, 1308.200000, 
n50, 001983, 309, 310, SHVR, 17841, 20, 892.050000, ZIC, 26164, 20, 1308.200000, 
n50, 001983, 308, 310, SHVR, 17882, 20, 894.100000, ZIC, 26164, 20, 1308.200000, 
n50, 001983, 308, 310, SHVR, 17882, 20, 894.100000, ZIC, 26306, 20, 1315.300000, 
n50, 001984, 309, 310, SHVR, 17882, 20, 894.100000, ZIC, 26321, 20, 1316.050000, 
n50, 001984, 309, 310, SHVR, 17910, 20, 895.500000, ZIC, 26321, 20, 1316.050000, 
n50, 001984, 309, 310, SHVR, 18001, 20, 900.050000, ZIC, 26321, 20, 1316.050000, 
n50, 001985, 300, 310, SHVR, 18168, 20, 908.400000, ZIC, 26321, 20, 1316.050000, 
n50, 001985, 300, 318, SHVR, 18168, 20, 908.400000, ZIC, 26437, 20, 1321.850000, 
n50, 001993, 307, 359, SHVR, 18168, 20, 908.400000, ZIC, 26566, 20, 1328.300000, 
n50, 001996, 309, 330, SHVR, 18168, 20, 908.400000, ZIC, 26644, 20, 1332.200000, 
n50, 002004, 300, 319, SHVR, 18214, 20, 910.700000, ZIC, 26651, 20, 1332.550000, 
n50, 002042, 198, 310, SHVR, 18214, 20, 910.700000, ZIC, 26717, 20, 1335.850000, 
n50, 002042, 299, 310, SHVR, 18214, 20, 910.700000, ZIC, 26897, 20, 1344.850000, 
n50, 002043, 309, 310, SHVR, 18214, 20, 910.700000, ZIC, 27039, 20, 1351.950000, 
n50, 002043, 309, 310, SHVR, 18305, 20, 915.250000, ZIC, 27039, 20, 1351.950000, 
n50, 002044, 309, 310, SHVR, 18333, 20, 916.650000, ZIC, 27039, 20, 1351.950000, 
n50, 002044, 309, 310, SHVR, 18333, 20, 916.650000, ZIC, 27155, 20, 1357.750000, 
n50, 002044, 307, 310, SHVR, 18374, 20, 918.700000, ZIC, 27155, 20, 1357.750000, 
n50, 002044, 309, 310, SHVR, 18541, 20, 927.050000, ZIC, 27155, 20, 1357.750000, 
n50, 002044, 309, 310, SHVR, 18594, 20, 929.700000, ZIC, 27155, 20, 1357.750000, 
n50, 002045, 309, 319, SHVR, 18594, 20, 929.700000, ZIC, 27259, 20, 1362.950000, 
n50, 002045, 310, 350, SHVR, 18594, 20, 929.700000, ZIC, 27388, 20, 1369.400000, 
n50, 002046, 300, 365, SHVR, 18748, 20, 937.400000, ZIC, 27388, 20, 1369.400000, 
n50, 002046, 300, 352, SHVR, 18748, 20, 937.400000, ZIC, 27466, 20, 1373.300000, 
n50, 002102, 309, 310, SHVR, 18801, 20, 940.050000, ZIC, 27466, 20, 1373.300000, 
n50, 002102, 309, 310, SHVR, 18829, 20, 941.450000, ZIC, 27466, 20, 1373.300000, 
n50, 002102, 309, 310, SHVR, 18996, 20, 949.800000, ZIC, 27466, 20, 1373.300000, 
n50, 002102, 309, 310, SHVR, 19150, 20, 957.500000, ZIC, 27466, 20, 1373.300000, 
n50, 002103, 309, 310, SHVR, 19191, 20, 959.550000, ZIC, 27466, 20, 1373.300000, 
n50, 002103, 309, 310, SHVR, 19191, 20, 959.550000, ZIC, 27608, 20, 1380.400000, 
n50, 002103, 300, 353, SHVR, 19282, 20, 964.100000, ZIC, 27608, 20, 1380.400000, 
n50, 002106, 301, 310, SHVR, 19282, 20, 964.100000, ZIC, 27686, 20, 1384.300000, 
n50, 002107, 300, 310, SHVR, 19282, 20, 964.100000, ZIC, 27752, 20, 1387.600000, 
n50, 002107, 300, 335, SHVR, 19282, 20, 964.100000, ZIC, 27881, 20, 1394.050000, 
n50, 002110, 300, 329, SHVR, 19282, 20, 964.100000, ZIC, 27985, 20, 1399.250000, 
n50, 002112, 300, 327, SHVR, 19282, 20, 964.100000, ZIC, 28000, 20, 1400.000000, 
n50, 002112, 300, 333, SHVR, 19282, 20, 964.100000, ZIC, 28180, 20, 1409.000000, 
n50, 002112, 300, 347, SHVR, 19282, 20, 964.100000, ZIC, 28296, 20, 1414.800000, 
n50, 002162, 260, 310, SHVR, 19282, 20, 964.100000, ZIC, 28438, 20, 1421.900000, 
n50, 002162, 307, 310, SHVR, 19282, 20, 964.100000, ZIC, 28618, 20, 1430.900000, 
n50, 002163, 309, 310, SHVR, 19335, 20, 966.750000, ZIC, 28618, 20, 1430.900000, 
n50, 002163, 309, 312, SHVR, 19502, 20, 975.100000, ZIC, 28618, 20, 1430.900000, 
n50, 002163, 311, 314, SHVR, 19593, 20, 979.650000, ZIC, 28618, 20, 1430.900000, 
n50, 002164, 311, 313, SHVR, 19634, 20, 981.700000, ZIC, 28618, 20, 1430.900000, 
n50, 002164, 307, 312, SHVR, 19788, 20, 989.400000, ZIC, 28618, 20, 1430.900000, 
n50, 002164, 307, 316, SHVR, 19790, 20, 989.500000, ZIC, 28720, 20, 1436.000000, 
n50, 002165, 314, 316, SHVR, 19818, 20, 990.900000, ZIC, 28720, 20, 1436.000000, 
n50, 002166, 300, 319, SHVR, 19823, 20, 991.150000, ZIC, 28793, 20, 1439.650000, 
n50, 002166, 300, 323, SHVR, 19823, 20, 991.150000, ZIC, 28922, 20, 1446.100000, 
n50, 002169, 300, 343, SHVR, 19823, 20, 991.150000, ZIC, 29038, 20, 1451.900000, 
n50, 002174, 300, 446, SHVR, 19823, 20, 991.150000, ZIC, 29053, 20, 1452.650000, 
n50, 002176, 300, 408, SHVR, 19823, 20, 991.150000, ZIC, 29119, 20, 1455.950000, 
n50, 002222, 284, 328, SHVR, 19840, 20, 992.000000, ZIC, 29168, 20, 1458.400000, 
n50, 002222, 284, 328, SHVR, 19857, 20, 992.850000, ZIC, 29293, 20, 1464.650000, 
n50, 002223, 290, 315, SHVR, 19860, 20, 993.000000, ZIC, 29406, 20, 1470.300000, 
n50, 002223, 299, 312, SHVR, 19861, 20, 993.050000, ZIC, 29509, 20, 1475.450000, 
n50, 002224, 306, 310, SHVR, 19861, 20, 993.050000, ZIC, 29638, 20, 1481.900000, 
n50, 002225, 309, 312, SHVR, 19889, 20, 994.450000, ZIC, 29638, 20, 1481.900000, 
n50, 002225, 311, 314, SHVR, 19942, 20, 997.100000, ZIC, 29638, 20, 1481.900000, 
n50, 002226, 311, 313, SHVR, 20033, 20, 1001.650000, ZIC, 29638, 20, 1481.900000, 
n50, 002226, 311, 320, SHVR, 20074, 20, 1003.700000, ZIC, 29638, 20, 1481.900000, 
n50, 002226, 318, 336, SHVR, 20084, 20, 1004.200000, ZIC, 29808, 20, 1490.400000, 
n50, 002227, 319, 336, SHVR, 20228, 20, 1011.400000, ZIC, 29818, 20, 1490.900000, 
n50, 002231, 303, 337, SHVR, 20383, 20, 1019.150000, ZIC, 29830, 20, 1491.500000, 
n50, 002236, 300, 379, SHVR, 20383, 20, 1019.150000, ZIC, 29845, 20, 1492.250000, 
n50, 002244, 300, 342, SHVR, 20383, 20, 1019.150000, ZIC, 29923, 20, 1496.150000, 
n50, 002249, 300, 314, SHVR, 20383, 20, 1019.150000, ZIC, 29926, 20, 1496.300000, 
n50, 002283, 265, 327, SHVR, 20399, 20, 1019.950000, ZIC, 30090, 20, 1504.500000, 
n50, 002283, 267, 329, SHVR, 20415, 20, 1020.750000, ZIC, 30203, 20, 1510.150000, 
n50, 002284, 277, 321, SHVR, 20425, 20, 1021.250000, ZIC, 30259, 20, 1512.950000, 
n50, 002285, 317, 319, SHVR, 20453, 20, 1022.650000, ZIC, 30259, 20, 1512.950000, 
n50, 002285, 316, 318, SHVR, 20494, 20, 1024.700000, ZIC, 30259, 20, 1512.950000, 
n50, 002285, 316, 318, SHVR, 20501, 20, 1025.050000, ZIC, 30394, 20, 1519.700000, 
n50, 002286, 316, 319, SHVR, 20668, 20, 1033.400000, ZIC, 30394, 20, 1519.700000, 
n50, 002286, 316, 318, SHVR, 20721, 20, 1036.050000, ZIC, 30394, 20, 1519.700000, 
n50, 002287, 316, 318, SHVR, 20812, 20, 1040.600000, ZIC, 30394, 20, 1519.700000, 
n50, 002287, 316, 331, SHVR, 20819, 20, 1040.950000, ZIC, 30503, 20, 1525.150000, 
n50, 002288, 305, 355, SHVR, 20966, 20, 1048.300000, ZIC, 30510, 20, 1525.500000, 
n50, 002289, 322, 355, SHVR, 20966, 20, 1048.300000, ZIC, 30588, 20, 1529.400000, 
n50, 002290, 322, 374, SHVR, 20966, 20, 1048.300000, ZIC, 30692, 20, 1534.600000, 
n50, 002290, 300, 374, SHVR, 20966, 20, 1048.300000, ZIC, 30707, 20, 1535.350000, 
n50, 002341, 445, 497, SHVR, 20984, 20, 1049.200000, ZIC, 30843, 20, 1542.150000, 
n50, 002341, 401, 489, SHVR, 20984, 20, 1049.200000, ZIC, 30985, 20, 1549.250000, 
n50, 002342, 338, 427, SHVR, 20984, 20, 1049.200000, ZIC, 31076, 20, 1553.800000, 
n50, 002342, 350, 425, SHVR, 20984, 20, 1049.200000, ZIC, 31117, 20, 1555.850000, 
n50, 002342, 338, 407, SHVR, 20984, 20, 1049.200000, ZIC, 31246, 20, 1562.300000, 
n50, 002343, 347, 373, SHVR, 20984, 20, 1049.200000, ZIC, 31312, 20, 1565.600000, 
n50, 002343, 340, 372, SHVR, 20984, 20, 1049.200000, ZIC, 31428, 20, 1571.400000, 
n50, 002346, 343, 354, SHVR, 21003, 20, 1050.150000, ZIC, 31462, 20, 1573.100000, 
n50, 002346, 338, 344, SHVR, 21170, 20, 1058.500000, ZIC, 31462, 20, 1573.100000, 
n50, 002346, 338, 344, SHVR, 21203, 20, 1060.150000, ZIC, 31609, 20, 1580.450000, 
n50, 002347, 338, 346, SHVR, 21237, 20, 1061.850000, ZIC, 31653, 20, 1582.650000, 
n50, 002347, 338, 349, SHVR, 21273, 20, 1063.650000, ZIC, 31721, 20, 1586.050000, 
n50, 002349, 300, 339, SHVR, 21301, 20, 1065.050000, ZIC, 31721, 20, 1586.050000, 
n50, 002352, 300, 314, SHVR, 21301, 20, 1065.050000, ZIC, 31736, 20, 1586.800000, 
n50, 002397, 300, 310, SHVR, 21301, 20, 1065.050000, ZIC, 31739, 20, 1586.950000, 
n50, 002401, 289, 372, SHVR, 21301, 20, 1065.050000, ZIC, 31881, 20, 1594.050000, 
n50, 002402, 292, 315, SHVR, 21305, 20, 1065.250000, ZIC, 31981, 20, 1599.050000, 
n50, 002402, 296, 315, SHVR, 21309, 20, 1065.450000, ZIC, 32055, 20, 1602.750000, 
n50, 002403, 312, 314, SHVR, 21350, 20, 1067.500000, ZIC, 32055, 20, 1602.750000, 
n50, 002403, 297, 313, SHVR, 21378, 20, 1068.900000, ZIC, 32055, 20, 1602.750000, 
n50, 002404, 309, 310, SHVR, 21378, 20, 1068.900000, ZIC, 32235, 20, 1611.750000, 
n50, 002404, 309, 310, SHVR, 21431, 20, 1071.550000, ZIC, 32235, 20, 1611.750000, 
n50, 002405, 308, 310, SHVR, 21585, 20, 1079.250000, ZIC, 32235, 20, 1611.750000, 
n50, 002405, 309, 315, SHVR, 21585, 20, 1079.250000, ZIC, 32351, 20, 1617.550000, 
n50, 002406, 311, 313, SHVR, 21752, 20, 1087.600000, ZIC, 32351, 20, 1617.550000, 
n50, 002406, 300, 315, SHVR, 21843, 20, 1092.150000, ZIC, 32351, 20, 1617.550000, 
n50, 002408, 300, 319, SHVR, 21843, 20, 1092.150000, ZIC, 32480, 20, 1624.000000, 
n50, 002413, 300, 322, SHVR, 21843, 20, 1092.150000, ZIC, 32546, 20, 1627.300000, 
n50, 002454, 300, 355, SHVR, 21843, 20, 1092.150000, ZIC, 32561, 20, 1628.050000, 
n50, 002461, None, 421, SHVR, 21843, 20, 1092.150000, ZIC, 32665, 20, 1633.250000, 
n50, 002461, 1, 421, SHVR, 21843, 20, 1092.150000, ZIC, 32845, 20, 1642.250000, 
n50, 002462, 236, 310, SHVR, 21843, 20, 1092.150000, ZIC, 32911, 20, 1645.550000, 
n50, 002462, 237, 311, SHVR, 21843, 20, 1092.150000, ZIC, 33040, 20, 1652.000000, 
n50, 002462, 237, 324, SHVR, 21844, 20, 1092.200000, ZIC, 33181, 20, 1659.050000, 
n50, 002462, 244, 321, SHVR, 21854, 20, 1092.700000, ZIC, 33249, 20, 1662.450000, 
n50, 002468, 309, 310, SHVR, 22021, 20, 1101.050000, ZIC, 33249, 20, 1662.450000, 
n50, 002468, 309, 310, SHVR, 22074, 20, 1103.700000, ZIC, 33249, 20, 1662.450000, 
n50, 002468, 309, 310, SHVR, 22165, 20, 1108.250000, ZIC, 33249, 20, 1662.450000, 
n50, 002468, 309, 310, SHVR, 22206, 20, 1110.300000, ZIC, 33249, 20, 1662.450000, 
n50, 002469, 309, 310, SHVR, 22234, 20, 1111.700000, ZIC, 33249, 20, 1662.450000, 
n50, 002469, 300, 319, SHVR, 22388, 20, 1119.400000, ZIC, 33249, 20, 1662.450000, 
n50, 002473, 300, 334, SHVR, 22388, 20, 1119.400000, ZIC, 33365, 20, 1668.250000, 
n50, 002522, 309, 323, SHVR, 22388, 20, 1119.400000, ZIC, 33443, 20, 1672.150000, 
n50, 002522, 312, 314, SHVR, 22479, 20, 1123.950000, ZIC, 33443, 20, 1672.150000, 
n50, 002523, 311, 314, SHVR, 22507, 20, 1125.350000, ZIC, 33443, 20, 1672.150000, 
n50, 002523, 310, 313, SHVR, 22560, 20, 1128.000000, ZIC, 33443, 20, 1672.150000, 
n50, 002523, 311, 313, SHVR, 22714, 20, 1135.700000, ZIC, 33443, 20, 1672.150000, 
n50, 002523, 311, 314, SHVR, 22717, 20, 1135.850000, ZIC, 33556, 20, 1677.800000, 
n50, 002524, 311, 314, SHVR, 22884, 20, 1144.200000, ZIC, 33556, 20, 1677.800000, 
n50, 002524, 306, 313, SHVR, 22925, 20, 1146.250000, ZIC, 33556, 20, 1677.800000, 
n50, 002524, 306, 314, SHVR, 22927, 20, 1146.350000, ZIC, 33696, 20, 1684.800000, 
n50, 002525, 306, 312, SHVR, 22928, 20, 1146.400000, ZIC, 33761, 20, 1688.050000, 
n50, 002526, 300, 324, SHVR, 22928, 20, 1146.400000, ZIC, 33890, 20, 1694.500000, 
n50, 002527, 300, 341, SHVR, 22928, 20, 1146.400000, ZIC, 34070, 20, 1703.500000, 
n50, 002528, 300, 343, SHVR, 22928, 20, 1146.400000, ZIC, 34174, 20, 1708.700000, 
n50, 002581, 338, 500, SHVR, 22928, 20, 1146.400000, ZIC, 34316, 20, 1715.800000, 
n50, 002581, 338, 497, SHVR, 23066, 20, 1153.300000, ZIC, 34345, 20, 1717.250000, 
n50, 002581, 300, 417, SHVR, 23066, 20, 1153.300000, ZIC, 34373, 20, 1718.650000, 
n50, 002582, 300, 342, SHVR, 23097, 20, 1154.850000, ZIC, 34522, 20, 1726.100000, 
n50, 002582, 301, 341, SHVR, 23127, 20, 1156.350000, ZIC, 34621, 20, 1731.050000, 
n50, 002583, 323, 325, SHVR, 23281, 20, 1164.050000, ZIC, 34621, 20, 1731.050000, 
n50, 002583, 323, 325, SHVR, 23295, 20, 1164.750000, ZIC, 34673, 20, 1733.650000, 
n50, 002584, 308, 324, SHVR, 23308, 20, 1165.400000, ZIC, 34738, 20, 1736.900000, 
n50, 002586, 309, 311, SHVR, 23349, 20, 1167.450000, ZIC, 34738, 20, 1736.900000, 
n50, 002586, 306, 311, SHVR, 23402, 20, 1170.100000, ZIC, 34738, 20, 1736.900000, 
n50, 002587, 308, 310, SHVR, 23402, 20, 1170.100000, ZIC, 34854, 20, 1742.700000, 
n50, 002590, 300, 310, SHVR, 23493, 20, 1174.650000, ZIC, 34854, 20, 1742.700000, 
n50, 002591, 300, 361, SHVR, 23493, 20, 1174.650000, ZIC, 34869, 20, 1743.450000, 
n50, 002596, 300, 374, SHVR, 23493, 20, 1174.650000, ZIC, 34973, 20, 1748.650000, 
n50, 002642, 306, 310, SHVR, 23493, 20, 1174.650000, ZIC, 35102, 20, 1755.100000, 
n50, 002642, 309, 310, SHVR, 23493, 20, 1174.650000, ZIC, 35168, 20, 1758.400000, 
n50, 002643, 309, 310, SHVR, 23493, 20, 1174.650000, ZIC, 35310, 20, 1765.500000, 
n50, 002643, 309, 310, SHVR, 23660, 20, 1183.000000, ZIC, 35310, 20, 1765.500000, 
n50, 002643, 309, 310, SHVR, 23814, 20, 1190.700000, ZIC, 35310, 20, 1765.500000, 
n50, 002644, 309, 310, SHVR, 23867, 20, 1193.350000, ZIC, 35310, 20, 1765.500000, 
n50, 002644, 309, 310, SHVR, 23895, 20, 1194.750000, ZIC, 35310, 20, 1765.500000, 
n50, 002645, 309, 310, SHVR, 23986, 20, 1199.300000, ZIC, 35310, 20, 1765.500000, 
n50, 002645, 309, 310, SHVR, 23986, 20, 1199.300000, ZIC, 35414, 20, 1770.700000, 
n50, 002646, 309, 310, SHVR, 23986, 20, 1199.300000, ZIC, 35594, 20, 1779.700000, 
n50, 002647, 309, 345, SHVR, 23986, 20, 1199.300000, ZIC, 35609, 20, 1780.450000, 
n50, 002649, 310, 332, SHVR, 23986, 20, 1199.300000, ZIC, 35725, 20, 1786.250000, 
n50, 002653, 300, 329, SHVR, 24023, 20, 1201.150000, ZIC, 35729, 20, 1786.450000, 
n50, 002655, 300, 361, SHVR, 24023, 20, 1201.150000, ZIC, 35807, 20, 1790.350000, 
n50, 002701, 323, 408, SHVR, 24163, 20, 1208.150000, ZIC, 35821, 20, 1791.050000, 
n50, 002702, 322, 404, SHVR, 24317, 20, 1215.850000, ZIC, 35834, 20, 1791.700000, 
n50, 002702, 324, 326, SHVR, 24408, 20, 1220.400000, ZIC, 35834, 20, 1791.700000, 
n50, 002702, 324, 326, SHVR, 24436, 20, 1221.800000, ZIC, 35834, 20, 1791.700000, 
n50, 002703, 324, 334, SHVR, 24489, 20, 1224.450000, ZIC, 35834, 20, 1791.700000, 
n50, 002703, 324, 334, SHVR, 24512, 20, 1225.600000, ZIC, 35889, 20, 1794.450000, 
n50, 002703, 324, 332, SHVR, 24533, 20, 1226.650000, ZIC, 35984, 20, 1799.200000, 
n50, 002703, 324, 332, SHVR, 24554, 20, 1227.700000, ZIC, 36105, 20, 1805.250000, 
n50, 002704, 319, 330, SHVR, 24579, 20, 1228.950000, ZIC, 36121, 20, 1806.050000, 
n50, 002706, 300, 328, SHVR, 24595, 20, 1229.750000, ZIC, 36285, 20, 1814.250000, 
n50, 002706, 319, 331, SHVR, 24613, 20, 1230.650000, ZIC, 36371, 20, 1818.550000, 
n50, 002706, 300, 332, SHVR, 24634, 20, 1231.700000, ZIC, 36479, 20, 1823.950000, 
n50, 002707, 300, 343, SHVR, 24634, 20, 1231.700000, ZIC, 36545, 20, 1827.250000, 
n50, 002709, 300, 350, SHVR, 24640, 20, 1232.000000, ZIC, 36554, 20, 1827.700000, 
n50, 002761, 226, 327, SHVR, 24656, 20, 1232.800000, ZIC, 36654, 20, 1832.700000, 
n50, 002761, 226, 355, SHVR, 24656, 20, 1232.800000, ZIC, 36758, 20, 1837.900000, 
n50, 002762, 235, 332, SHVR, 24677, 20, 1233.850000, ZIC, 36866, 20, 1843.300000, 
n50, 002763, 309, 324, SHVR, 24690, 20, 1234.500000, ZIC, 37033, 20, 1851.650000, 
n50, 002765, 318, 321, SHVR, 24731, 20, 1236.550000, ZIC, 37033, 20, 1851.650000, 
n50, 002765, 319, 321, SHVR, 24784, 20, 1239.200000, ZIC, 37033, 20, 1851.650000, 
n50, 002765, 319, 321, SHVR, 24812, 20, 1240.600000, ZIC, 37033, 20, 1851.650000, 
n50, 002765, 319, 322, SHVR, 24823, 20, 1241.150000, ZIC, 37164, 20, 1858.200000, 
n50, 002765, 319, 324, SHVR, 24835, 20, 1241.750000, ZIC, 37230, 20, 1861.500000, 
n50, 002766, 322, 328, SHVR, 24926, 20, 1246.300000, ZIC, 37230, 20, 1861.500000, 
n50, 002766, 321, 324, SHVR, 25093, 20, 1254.650000, ZIC, 37230, 20, 1861.500000, 
n50, 002768, 319, 344, SHVR, 25235, 20, 1261.750000, ZIC, 37242, 20, 1862.100000, 
n50, 002769, 300, 367, SHVR, 25235, 20, 1261.750000, ZIC, 37308, 20, 1865.400000, 
n50, 002821, 1, 375, SHVR, 25299, 20, 1264.950000, ZIC, 37360, 20, 1868.000000, 
n50, 002822, 271, 343, SHVR, 25299, 20, 1264.950000, ZIC, 37438, 20, 1871.900000, 
n50, 002822, 279, 371, SHVR, 25299, 20, 1264.950000, ZIC, 37567, 20, 1878.350000, 
n50, 002823, 342, 356, SHVR, 25344, 20, 1267.200000, ZIC, 37664, 20, 1883.200000, 
n50, 002824, 344, 352, SHVR, 25461, 20, 1273.050000, ZIC, 37701, 20, 1885.050000, 
n50, 002824, 345, 348, SHVR, 25478, 20, 1273.900000, ZIC, 37737, 20, 1886.850000, 
n50, 002824, 341, 348, SHVR, 25519, 20, 1275.950000, ZIC, 37737, 20, 1886.850000, 
n50, 002825, 341, 345, SHVR, 25553, 20, 1277.650000, ZIC, 37883, 20, 1894.150000, 
n50, 002825, 339, 345, SHVR, 25689, 20, 1284.450000, ZIC, 37914, 20, 1895.700000, 
n50, 002825, 338, 340, SHVR, 25780, 20, 1289.000000, ZIC, 37914, 20, 1895.700000, 
n50, 002826, 325, 340, SHVR, 25780, 20, 1289.000000, ZIC, 37942, 20, 1897.100000, 
n50, 002827, 325, 334, SHVR, 25780, 20, 1289.000000, ZIC, 38046, 20, 1902.300000, 
n50, 002831, 300, 314, SHVR, 25783, 20, 1289.150000, ZIC, 38109, 20, 1905.450000, 
n50, 002882, 317, 345, SHVR, 25817, 20, 1290.850000, ZIC, 38191, 20, 1909.550000, 
n50, 002882, 317, 319, SHVR, 25971, 20, 1298.550000, ZIC, 38191, 20, 1909.550000, 
n50, 002882, 317, 319, SHVR, 26138, 20, 1306.900000, ZIC, 38191, 20, 1909.550000, 
n50, 002882, 317, 319, SHVR, 26166, 20, 1308.300000, ZIC, 38191, 20, 1909.550000, 
n50, 002882, 317, 341, SHVR, 26166, 20, 1308.300000, ZIC, 38320, 20, 1916.000000, 
n50, 002883, 322, 336, SHVR, 26191, 20, 1309.550000, ZIC, 38437, 20, 1921.850000, 
n50, 002884, 322, 333, SHVR, 26231, 20, 1311.550000, ZIC, 38450, 20, 1922.500000, 
n50, 002885, 325, 329, SHVR, 26322, 20, 1316.100000, ZIC, 38450, 20, 1922.500000, 
n50, 002886, 300, 328, SHVR, 26363, 20, 1318.150000, ZIC, 38450, 20, 1922.500000, 
n50, 002886, 300, 321, SHVR, 26372, 20, 1318.600000, ZIC, 38519, 20, 1925.950000, 
n50, 002888, 300, 314, SHVR, 26373, 20, 1318.650000, ZIC, 38698, 20, 1934.900000, 
n50, 002892, 300, 329, SHVR, 26375, 20, 1318.750000, ZIC, 38800, 20, 1940.000000, 
n50, 002907, 300, 342, SHVR, 26375, 20, 1318.750000, ZIC, 38866, 20, 1943.300000, 
n50, 002942, 289, 311, SHVR, 26375, 20, 1318.750000, ZIC, 38970, 20, 1948.500000, 
n50, 002943, 299, 311, SHVR, 26375, 20, 1318.750000, ZIC, 39036, 20, 1951.800000, 
n50, 002943, 300, 311, SHVR, 26375, 20, 1318.750000, ZIC, 39216, 20, 1960.800000, 
n50, 002944, 309, 310, SHVR, 26466, 20, 1323.300000, ZIC, 39216, 20, 1960.800000, 
n50, 002944, 309, 310, SHVR, 26519, 20, 1325.950000, ZIC, 39216, 20, 1960.800000, 
n50, 002944, 309, 310, SHVR, 26560, 20, 1328.000000, ZIC, 39216, 20, 1960.800000, 
n50, 002944, 309, 310, SHVR, 26588, 20, 1329.400000, ZIC, 39216, 20, 1960.800000, 
n50, 002945, 307, 310, SHVR, 26742, 20, 1337.100000, ZIC, 39216, 20, 1960.800000, 
n50, 002947, 307, 310, SHVR, 26742, 20, 1337.100000, ZIC, 39345, 20, 1967.250000, 
n50, 002947, 307, 323, SHVR, 26742, 20, 1337.100000, ZIC, 39423, 20, 1971.150000, 
n50, 002950, 316, 351, SHVR, 26742, 20, 1337.100000, ZIC, 39539, 20, 1976.950000, 
n50, 002950, 300, 351, SHVR, 26903, 20, 1345.150000, ZIC, 39545, 20, 1977.250000, 
n50, 002959, 300, 345, SHVR, 26903, 20, 1345.150000, ZIC, 39687, 20, 1984.350000, 
n50, 002962, 300, 333, SHVR, 26903, 20, 1345.150000, ZIC, 39702, 20, 1985.100000, 
n50, 003002, 365, 414, SHVR, 26903, 20, 1345.150000, ZIC, 39882, 20, 1994.100000, 
n50, 003002, 365, 413, SHVR, 26938, 20, 1346.900000, ZIC, 39938, 20, 1996.900000, 
n50, 003003, 364, 407, SHVR, 27037, 20, 1351.850000, ZIC, 39993, 20, 1999.650000, 
n50, 003003, 363, 406, SHVR, 27150, 20, 1357.500000, ZIC, 40047, 20, 2002.350000, 
n50, 003003, 363, 394, SHVR, 27150, 20, 1357.500000, ZIC, 40163, 20, 2008.150000, 
n50, 003004, 351, 392, SHVR, 27150, 20, 1357.500000, ZIC, 40216, 20, 2010.800000, 
n50, 003004, 351, 383, SHVR, 27150, 20, 1357.500000, ZIC, 40345, 20, 2017.250000, 
n50, 003005, 338, 377, SHVR, 27150, 20, 1357.500000, ZIC, 40386, 20, 2019.300000, 
n50, 003007, 338, 357, SHVR, 27196, 20, 1359.800000, ZIC, 40482, 20, 2024.100000, 
n50, 003008, 300, 352, SHVR, 27196, 20, 1359.800000, ZIC, 40510, 20, 2025.500000, 
n50, 003008, 300, 353, SHVR, 27238, 20, 1361.900000, ZIC, 40546, 20, 2027.300000, 
n50, 003010, 300, 332, SHVR, 27259, 20, 1362.950000, ZIC, 40629, 20, 2031.450000, 
n50, 003012, 300, 316, SHVR, 27264, 20, 1363.200000, ZIC, 40690, 20, 2034.500000, 
n50, 003022, 300, 310, SHVR, 27264, 20, 1363.200000, ZIC, 40705, 20, 2035.250000, 
n50, 003061, 279, 371, SHVR, 27324, 20, 1366.200000, ZIC, 40825, 20, 2041.250000, 
n50, 003062, 281, 310, SHVR, 27324, 20, 1366.200000, ZIC, 40954, 20, 2047.700000, 
n50, 003064, 299, 310, SHVR, 27324, 20, 1366.200000, ZIC, 41096, 20, 2054.800000, 
n50, 003064, 301, 310, SHVR, 27324, 20, 1366.200000, ZIC, 41200, 20, 2060.000000, 
n50, 003065, 309, 310, SHVR, 27324, 20, 1366.200000, ZIC, 41316, 20, 2065.800000, 
n50, 003066, 309, 310, SHVR, 27478, 20, 1373.900000, ZIC, 41316, 20, 2065.800000, 
n50, 003066, 309, 310, SHVR, 27645, 20, 1382.250000, ZIC, 41316, 20, 2065.800000, 
n50, 003066, 309, 310, SHVR, 27673, 20, 1383.650000, ZIC, 41316, 20, 2065.800000, 
n50, 003066, 309, 310, SHVR, 27673, 20, 1383.650000, ZIC, 41331, 20, 2066.550000, 
n50, 003066, 308, 315, SHVR, 27764, 20, 1388.200000, ZIC, 41331, 20, 2066.550000, 
n50, 003072, 321, 383, SHVR, 27764, 20, 1388.200000, ZIC, 41397, 20, 2069.850000, 
n50, 003072, 317, 383, SHVR, 27806, 20, 1390.300000, ZIC, 41408, 20, 2070.400000, 
n50, 003073, 314, 383, SHVR, 27840, 20, 1392.000000, ZIC, 41415, 20, 2070.750000, 
n50, 003073, 300, 352, SHVR, 27840, 20, 1392.000000, ZIC, 41493, 20, 2074.650000, 
n50, 003122, 364, 466, SHVR, 27952, 20, 1397.600000, ZIC, 41548, 20, 2077.400000, 
n50, 003122, 415, 465, SHVR, 27952, 20, 1397.600000, ZIC, 41677, 20, 2083.850000, 
n50, 003122, 414, 429, SHVR, 28001, 20, 1400.050000, ZIC, 41782, 20, 2089.100000, 
n50, 003123, 383, 422, SHVR, 28001, 20, 1400.050000, ZIC, 41873, 20, 2093.650000, 
n50, 003123, 363, 401, SHVR, 28001, 20, 1400.050000, ZIC, 41989, 20, 2099.450000, 
n50, 003124, 363, 399, SHVR, 28089, 20, 1404.450000, ZIC, 42081, 20, 2104.050000, 
n50, 003124, 351, 399, SHVR, 28089, 20, 1404.450000, ZIC, 42134, 20, 2106.700000, 
n50, 003126, 351, 387, SHVR, 28165, 20, 1408.250000, ZIC, 42136, 20, 2106.800000, 
n50, 003128, 338, 376, SHVR, 28165, 20, 1408.250000, ZIC, 42177, 20, 2108.850000, 
n50, 003128, 325, 374, SHVR, 28165, 20, 1408.250000, ZIC, 42205, 20, 2110.250000, 
n50, 003130, 300, 360, SHVR, 28193, 20, 1409.650000, ZIC, 42281, 20, 2114.050000, 
n50, 003131, 300, 353, SHVR, 28193, 20, 1409.650000, ZIC, 42423, 20, 2121.150000, 
n50, 003134, 300, 310, SHVR, 28193, 20, 1409.650000, ZIC, 42489, 20, 2124.450000, 
n50, 003182, 90, 310, SHVR, 28193, 20, 1409.650000, ZIC, 42618, 20, 2130.900000, 
n50, 003182, 93, 310, SHVR, 28193, 20, 1409.650000, ZIC, 42696, 20, 2134.800000, 
n50, 003182, 97, 310, SHVR, 28193, 20, 1409.650000, ZIC, 42876, 20, 2143.800000, 
n50, 003183, 277, 310, SHVR, 28193, 20, 1409.650000, ZIC, 43018, 20, 2150.900000, 
n50, 003183, 278, 310, SHVR, 28193, 20, 1409.650000, ZIC, 43122, 20, 2156.100000, 
n50, 003186, 291, 310, SHVR, 28193, 20, 1409.650000, ZIC, 43238, 20, 2161.900000, 
n50, 003186, 295, 310, SHVR, 28193, 20, 1409.650000, ZIC, 43304, 20, 2165.200000, 
n50, 003190, 309, 310, SHVR, 28234, 20, 1411.700000, ZIC, 43304, 20, 2165.200000, 
n50, 003190, 309, 310, SHVR, 28262, 20, 1413.100000, ZIC, 43304, 20, 2165.200000, 
n50, 003190, 308, 323, SHVR, 28416, 20, 1420.800000, ZIC, 43304, 20, 2165.200000, 
n50, 003192, 310, 355, SHVR, 28467, 20, 1423.350000, ZIC, 43306, 20, 2165.300000, 
n50, 003195, 316, 337, SHVR, 28551, 20, 1427.550000, ZIC, 43313, 20, 2165.650000, 
n50, 003197, 300, 349, SHVR, 28712, 20, 1435.600000, ZIC, 43319, 20, 2165.950000, 
n50, 003218, 300, 357, SHVR, 28712, 20, 1435.600000, ZIC, 43334, 20, 2166.700000, 
n50, 003241, 13, 482, SHVR, 28712, 20, 1435.600000, ZIC, 43514, 20, 2175.700000, 
n50, 003242, 300, 339, SHVR, 28740, 20, 1437.000000, ZIC, 43590, 20, 2179.500000, 
n50, 003243, 292, 333, SHVR, 28762, 20, 1438.100000, ZIC, 43634, 20, 2181.700000, 
n50, 003244, 312, 324, SHVR, 28775, 20, 1438.750000, ZIC, 43737, 20, 2186.850000, 
n50, 003245, 318, 320, SHVR, 28816, 20, 1440.800000, ZIC, 43737, 20, 2186.850000, 
n50, 003245, 314, 320, SHVR, 28824, 20, 1441.200000, ZIC, 43744, 20, 2187.200000, 
n50, 003245, 317, 319, SHVR, 28877, 20, 1443.850000, ZIC, 43744, 20, 2187.200000, 
n50, 003245, 317, 322, SHVR, 28968, 20, 1448.400000, ZIC, 43744, 20, 2187.200000, 
n50, 003246, 319, 322, SHVR, 29122, 20, 1456.100000, ZIC, 43744, 20, 2187.200000, 
n50, 003246, 318, 321, SHVR, 29150, 20, 1457.500000, ZIC, 43744, 20, 2187.200000, 
n50, 003247, 320, 322, SHVR, 29150, 20, 1457.500000, ZIC, 43873, 20, 2193.650000, 
n50, 003248, 300, 362, SHVR, 29317, 20, 1465.850000, ZIC, 43873, 20, 2193.650000, 
n50, 003249, 300, 402, SHVR, 29317, 20, 1465.850000, ZIC, 44015, 20, 2200.750000, 
n50, 003255, 300, 311, SHVR, 29317, 20, 1465.850000, ZIC, 44093, 20, 2204.650000, 
n50, 003302, 226, 359, SHVR, 29365, 20, 1468.250000, ZIC, 44149, 20, 2207.450000, 
n50, 003302, 227, 329, SHVR, 29383, 20, 1469.150000, ZIC, 44260, 20, 2213.000000, 
n50, 003302, 261, 327, SHVR, 29399, 20, 1469.950000, ZIC, 44322, 20, 2216.100000, 
n50, 003302, 270, 329, SHVR, 29416, 20, 1470.800000, ZIC, 44447, 20, 2222.350000, 
n50, 003306, 301, 310, SHVR, 29416, 20, 1470.800000, ZIC, 44627, 20, 2231.350000, 
n50, 003307, 308, 310, SHVR, 29583, 20, 1479.150000, ZIC, 44627, 20, 2231.350000, 
n50, 003307, 309, 310, SHVR, 29674, 20, 1483.700000, ZIC, 44627, 20, 2231.350000, 
n50, 003307, 309, 310, SHVR, 29715, 20, 1485.750000, ZIC, 44627, 20, 2231.350000, 
n50, 003307, 309, 310, SHVR, 29715, 20, 1485.750000, ZIC, 44693, 20, 2234.650000, 
n50, 003308, 309, 315, SHVR, 29715, 20, 1485.750000, ZIC, 44809, 20, 2240.450000, 
n50, 003309, 313, 331, SHVR, 29739, 20, 1486.950000, ZIC, 44813, 20, 2240.650000, 
n50, 003309, 313, 331, SHVR, 29889, 20, 1494.450000, ZIC, 44817, 20, 2240.850000, 
n50, 003310, 300, 331, SHVR, 29938, 20, 1496.900000, ZIC, 44821, 20, 2241.050000, 
n50, 003315, 300, 345, SHVR, 29938, 20, 1496.900000, ZIC, 44836, 20, 2241.800000, 
n50, 003362, 250, 331, SHVR, 29958, 20, 1497.900000, ZIC, 44945, 20, 2247.250000, 
n50, 003362, 250, 332, SHVR, 29979, 20, 1498.950000, ZIC, 45066, 20, 2253.300000, 
n50, 003364, 286, 310, SHVR, 29979, 20, 1498.950000, ZIC, 45170, 20, 2258.500000, 
n50, 003365, 286, 310, SHVR, 29979, 20, 1498.950000, ZIC, 45286, 20, 2264.300000, 
n50, 003365, 286, 310, SHVR, 29979, 20, 1498.950000, ZIC, 45352, 20, 2267.600000, 
n50, 003368, 309, 310, SHVR, 29979, 20, 1498.950000, ZIC, 45532, 20, 2276.600000, 
n50, 003368, 309, 310, SHVR, 30133, 20, 1506.650000, ZIC, 45532, 20, 2276.600000, 
n50, 003368, 309, 310, SHVR, 30174, 20, 1508.700000, ZIC, 45532, 20, 2276.600000, 
n50, 003369, 309, 310, SHVR, 30341, 20, 1517.050000, ZIC, 45532, 20, 2276.600000, 
n50, 003369, 309, 327, SHVR, 30432, 20, 1521.600000, ZIC, 45532, 20, 2276.600000, 
n50, 003374, 319, 338, SHVR, 30475, 20, 1523.750000, ZIC, 45542, 20, 2277.100000, 
n50, 003374, 309, 338, SHVR, 30493, 20, 1524.650000, ZIC, 45552, 20, 2277.600000, 
n50, 003376, 300, 353, SHVR, 30493, 20, 1524.650000, ZIC, 45567, 20, 2278.350000, 
n50, 003384, 300, 316, SHVR, 30493, 20, 1524.650000, ZIC, 45645, 20, 2282.250000, 
n50, 003422, 339, 342, SHVR, 30617, 20, 1530.850000, ZIC, 45675, 20, 2283.750000, 
n50, 003423, 338, 340, SHVR, 30641, 20, 1532.050000, ZIC, 45704, 20, 2285.200000, 
n50, 003423, 338, 341, SHVR, 30671, 20, 1533.550000, ZIC, 45752, 20, 2287.600000, 
n50, 003423, 338, 339, SHVR, 30684, 20, 1534.200000, ZIC, 45780, 20, 2289.000000, 
n50, 003423, 337, 339, SHVR, 30712, 20, 1535.600000, ZIC, 45780, 20, 2289.000000, 
n50, 003423, 337, 339, SHVR, 30879, 20, 1543.950000, ZIC, 45780, 20, 2289.000000, 
n50, 003423, 334, 338, SHVR, 30970, 20, 1548.500000, ZIC, 45780, 20, 2289.000000, 
n50, 003423, 306, 338, SHVR, 30997, 20, 1549.850000, ZIC, 45882, 20, 2294.100000, 
n50, 003425, 300, 310, SHVR, 30997, 20, 1549.850000, ZIC, 45948, 20, 2297.400000, 
n50, 003426, 300, 310, SHVR, 30997, 20, 1549.850000, ZIC, 46064, 20, 2303.200000, 
n50, 003426, 300, 310, SHVR, 30997, 20, 1549.850000, ZIC, 46206, 20, 2310.300000, 
n50, 003426, 300, 337, SHVR, 30997, 20, 1549.850000, ZIC, 46386, 20, 2319.300000, 
n50, 003427, 300, 332, SHVR, 30997, 20, 1549.850000, ZIC, 46490, 20, 2324.500000, 
n50, 003447, 300, 347, SHVR, 30997, 20, 1549.850000, ZIC, 46505, 20, 2325.250000, 
n50, 003482, 222, 317, SHVR, 31003, 20, 1550.150000, ZIC, 46641, 20, 2332.050000, 
n50, 003482, 224, 318, SHVR, 31010, 20, 1550.500000, ZIC, 46750, 20, 2337.500000, 
n50, 003482, 307, 315, SHVR, 31014, 20, 1550.700000, ZIC, 46926, 20, 2346.300000, 
n50, 003483, 311, 313, SHVR, 31055, 20, 1552.750000, ZIC, 46926, 20, 2346.300000, 
n50, 003483, 308, 312, SHVR, 31108, 20, 1555.400000, ZIC, 46926, 20, 2346.300000, 
n50, 003483, 308, 310, SHVR, 31262, 20, 1563.100000, ZIC, 46926, 20, 2346.300000, 
n50, 003485, 300, 310, SHVR, 31290, 20, 1564.500000, ZIC, 46926, 20, 2346.300000, 
n50, 003485, 300, 310, SHVR, 31290, 20, 1564.500000, ZIC, 47004, 20, 2350.200000, 
n50, 003486, 300, 310, SHVR, 31290, 20, 1564.500000, ZIC, 47133, 20, 2356.650000, 
n50, 003490, 304, 318, SHVR, 31290, 20, 1564.500000, ZIC, 47237, 20, 2361.850000, 
n50, 003490, 304, 337, SHVR, 31290, 20, 1564.500000, ZIC, 47303, 20, 2365.150000, 
n50, 003493, 311, 346, SHVR, 31379, 20, 1568.950000, ZIC, 47305, 20, 2365.250000, 
n50, 003495, 300, 316, SHVR, 31545, 20, 1577.250000, ZIC, 47306, 20, 2365.300000, 
n50, 003534, 300, 371, SHVR, 31545, 20, 1577.250000, ZIC, 47321, 20, 2366.050000, 
n50, 003543, 235, 323, SHVR, 31557, 20, 1577.850000, ZIC, 47387, 20, 2369.350000, 
n50, 003543, 235, 324, SHVR, 31570, 20, 1578.500000, ZIC, 47554, 20, 2377.700000, 
n50, 003545, 254, 310, SHVR, 31570, 20, 1578.500000, ZIC, 47620, 20, 2381.000000, 
n50, 003548, 299, 310, SHVR, 31570, 20, 1578.500000, ZIC, 47736, 20, 2386.800000, 
n50, 003549, 303, 310, SHVR, 31570, 20, 1578.500000, ZIC, 47865, 20, 2393.250000, 
n50, 003550, 309, 310, SHVR, 31570, 20, 1578.500000, ZIC, 47880, 20, 2394.000000, 
n50, 003550, 309, 310, SHVR, 31737, 20, 1586.850000, ZIC, 47880, 20, 2394.000000, 
n50, 003551, 309, 310, SHVR, 31765, 20, 1588.250000, ZIC, 47880, 20, 2394.000000, 
n50, 003551, 309, 310, SHVR, 31806, 20, 1590.300000, ZIC, 47880, 20, 2394.000000, 
n50, 003551, 309, 318, SHVR, 31859, 20, 1592.950000, ZIC, 47880, 20, 2394.000000, 
n50, 003552, 312, 327, SHVR, 31946, 20, 1597.300000, ZIC, 47884, 20, 2394.200000, 
n50, 003556, 315, 380, SHVR, 31946, 20, 1597.300000, ZIC, 47988, 20, 2399.400000, 
n50, 003559, 316, 348, SHVR, 31946, 20, 1597.300000, ZIC, 48130, 20, 2406.500000, 
n50, 003563, 300, 340, SHVR, 32092, 20, 1604.600000, ZIC, 48138, 20, 2406.900000, 
n50, 003600, 300, 328, SHVR, 32092, 20, 1604.600000, ZIC, 48138, 20, 2406.900000, 
