0.000, Bid:,0,Ask:,0,
60.031, Bid:,1,389,1,Ask:,0,
60.062, Bid:,2,305,1,389,1,Ask:,0,
60.094, Bid:,3,282,1,305,1,389,1,Ask:,0,
60.125, Bid:,4,185,1,282,1,305,1,389,1,Ask:,0,
60.188, Bid:,4,185,1,282,1,305,1,389,1,Ask:,1,391,1,
60.219, Bid:,3,185,1,282,1,305,1,Ask:,1,391,1,
60.250, Bid:,3,185,1,282,1,305,1,Ask:,2,391,1,413,1,
60.281, Bid:,4,185,1,246,1,282,1,305,1,Ask:,2,391,1,413,1,
60.312, Bid:,5,185,1,246,1,282,1,305,1,362,1,Ask:,2,391,1,413,1,
60.344, Bid:,6,185,1,246,1,282,1,305,1,362,1,363,1,Ask:,2,391,1,413,1,
60.375, Bid:,5,185,1,246,1,282,1,305,1,362,1,Ask:,2,391,1,413,1,
60.438, Bid:,4,185,1,246,1,282,1,305,1,Ask:,2,391,1,413,1,
60.469, Bid:,5,185,1,246,1,282,1,305,1,329,1,Ask:,2,391,1,413,1,
60.500, Bid:,5,185,1,246,1,282,1,305,1,329,1,Ask:,1,413,1,
60.531, Bid:,5,185,1,246,1,282,1,305,1,329,1,Ask:,2,408,1,413,1,
60.562, Bid:,6,177,1,185,1,246,1,282,1,305,1,329,1,Ask:,2,408,1,413,1,
60.594, Bid:,6,177,1,185,1,246,1,282,1,305,1,329,1,Ask:,3,407,1,408,1,413,1,
60.625, Bid:,7,177,1,185,1,227,1,246,1,282,1,305,1,329,1,Ask:,3,407,1,408,1,413,1,
60.656, Bid:,7,177,1,185,1,227,1,246,1,282,1,305,1,329,1,Ask:,3,397,1,407,1,413,1,
60.688, Bid:,7,177,1,185,1,227,1,246,1,282,1,305,1,329,1,Ask:,4,335,1,397,1,407,1,413,1,
60.781, Bid:,8,177,1,185,1,227,1,246,1,268,1,282,1,305,1,329,1,Ask:,4,335,1,397,1,407,1,413,1,
60.812, Bid:,7,177,1,185,1,227,1,246,1,268,1,282,1,305,1,Ask:,4,335,1,397,1,407,1,413,1,
60.844, Bid:,7,177,1,185,1,227,1,246,1,268,1,282,1,305,1,Ask:,3,397,1,407,1,413,1,
60.906, Bid:,8,177,1,185,1,227,1,246,1,268,1,282,1,290,1,305,1,Ask:,3,397,1,407,1,413,1,
61.000, Bid:,8,177,1,185,1,227,1,246,1,268,1,282,1,290,1,332,1,Ask:,3,397,1,407,1,413,1,
61.125, Bid:,8,177,1,185,1,227,1,246,1,268,1,282,1,290,1,332,1,Ask:,3,360,1,397,1,407,1,
61.156, Bid:,8,177,1,185,1,227,1,246,1,268,1,282,1,290,1,332,1,Ask:,4,360,1,397,1,407,1,462,1,
61.219, Bid:,8,177,1,185,1,227,1,246,1,268,1,282,1,290,1,332,1,Ask:,5,360,1,389,1,397,1,407,1,462,1,
61.250, Bid:,9,177,1,180,1,185,1,227,1,246,1,268,1,282,1,290,1,332,1,Ask:,5,360,1,389,1,397,1,407,1,462,1,
61.281, Bid:,9,177,1,180,1,185,1,246,1,268,1,275,1,282,1,290,1,332,1,Ask:,5,360,1,389,1,397,1,407,1,462,1,
61.344, Bid:,9,177,1,180,1,185,1,246,1,268,1,275,1,282,1,290,1,332,1,Ask:,5,360,1,371,1,389,1,407,1,462,1,
61.375, Bid:,9,177,1,180,1,185,1,246,1,268,1,275,1,282,1,290,1,332,1,Ask:,5,359,1,360,1,371,1,389,1,462,1,
61.406, Bid:,9,177,1,180,1,185,1,246,1,268,1,275,1,282,1,290,1,332,1,Ask:,5,358,1,360,1,371,1,389,1,462,1,
61.469, Bid:,9,177,1,180,1,185,1,246,1,268,1,275,1,282,1,290,1,332,1,Ask:,6,358,1,360,1,371,1,389,1,409,1,462,1,
61.594, Bid:,9,177,1,180,1,185,1,268,1,275,1,282,1,290,1,326,1,332,1,Ask:,6,358,1,360,1,371,1,389,1,409,1,462,1,
61.625, Bid:,9,177,1,180,1,185,1,268,1,275,1,282,1,290,1,326,1,332,1,Ask:,6,357,1,360,1,371,1,389,1,409,1,462,1,
61.781, Bid:,9,177,1,180,1,185,1,268,1,275,1,282,1,290,1,326,1,332,1,Ask:,7,357,1,360,1,371,1,389,1,409,1,413,1,462,1,
61.875, Bid:,9,177,1,180,1,185,1,268,1,275,1,282,1,290,1,326,1,332,1,Ask:,8,357,1,360,1,371,1,381,1,389,1,409,1,413,1,462,1,
62.000, Bid:,9,177,1,180,1,185,1,268,1,275,1,282,1,290,1,326,1,332,1,Ask:,9,352,1,357,1,360,1,371,1,381,1,389,1,409,1,413,1,462,1,
62.094, Bid:,9,177,1,180,1,185,1,275,1,282,1,288,1,290,1,326,1,332,1,Ask:,9,352,1,357,1,360,1,371,1,381,1,389,1,409,1,413,1,462,1,
62.250, Bid:,9,177,1,180,1,185,1,275,1,282,1,288,1,290,1,326,1,332,1,Ask:,9,352,1,353,1,357,1,360,1,381,1,389,1,409,1,413,1,462,1,
62.281, Bid:,9,177,1,180,1,185,1,275,1,282,1,288,1,290,1,326,1,332,1,Ask:,9,352,1,353,1,357,1,360,1,374,1,389,1,409,1,413,1,462,1,
62.438, Bid:,9,177,1,180,1,185,1,275,1,282,1,288,1,290,1,326,1,332,1,Ask:,9,352,1,353,1,357,1,360,1,374,1,389,1,409,1,413,1,482,1,
62.469, Bid:,8,177,1,180,1,185,1,275,1,282,1,288,1,290,1,326,1,Ask:,9,352,1,353,1,357,1,360,1,374,1,389,1,409,1,413,1,482,1,
62.562, Bid:,8,177,1,180,1,185,1,275,1,282,1,288,1,290,1,326,1,Ask:,9,328,1,352,1,353,1,357,1,360,1,374,1,389,1,409,1,413,1,
62.625, Bid:,9,177,1,180,1,185,1,275,1,282,1,288,1,290,1,310,1,326,1,Ask:,9,328,1,352,1,353,1,357,1,360,1,374,1,389,1,409,1,413,1,
62.719, Bid:,9,177,1,180,1,185,1,275,1,282,1,288,1,290,1,310,1,326,1,Ask:,9,328,1,352,1,353,1,357,1,360,1,363,1,374,1,389,1,413,1,
62.812, Bid:,9,177,1,180,1,185,1,275,1,282,1,288,1,290,1,310,1,326,1,Ask:,9,328,1,352,1,353,1,357,1,360,1,363,1,371,1,374,1,389,1,
62.906, Bid:,9,177,1,180,1,185,1,275,1,282,1,288,1,290,1,310,1,326,1,Ask:,9,328,1,352,1,353,1,357,1,360,1,363,1,364,1,371,1,389,1,
62.969, Bid:,9,177,1,180,1,185,1,275,1,282,1,288,1,290,1,310,1,326,1,Ask:,9,352,1,353,1,357,1,360,1,363,1,364,1,371,1,389,1,403,1,
63.125, Bid:,9,177,1,180,1,185,1,275,1,282,1,288,1,306,1,310,1,326,1,Ask:,9,352,1,353,1,357,1,360,1,363,1,364,1,371,1,389,1,403,1,
63.219, Bid:,9,177,1,180,1,185,1,275,1,282,1,288,1,306,1,310,1,326,1,Ask:,8,352,1,353,1,357,1,360,1,363,1,364,1,371,1,389,2,
63.562, Bid:,9,177,1,180,1,185,1,275,1,282,1,288,1,306,1,310,1,326,1,Ask:,8,349,1,352,1,357,1,360,1,363,1,364,1,371,1,389,2,
63.750, Bid:,9,177,1,180,1,185,1,275,1,282,1,288,1,306,1,310,1,326,1,Ask:,9,349,1,352,1,357,1,360,1,363,1,364,1,371,1,389,1,395,1,
63.781, Bid:,9,177,1,180,1,185,1,275,1,282,1,288,1,306,1,310,1,326,1,Ask:,9,349,1,352,1,357,1,359,1,360,1,363,1,364,1,389,1,395,1,
63.906, Bid:,9,177,1,180,1,185,1,275,1,282,1,288,1,306,1,310,1,326,1,Ask:,9,343,1,349,1,352,1,357,1,359,1,363,1,364,1,389,1,395,1,
64.062, Bid:,9,177,1,180,1,185,1,275,1,282,1,288,1,306,1,310,1,326,1,Ask:,9,343,1,349,1,352,1,357,1,359,1,363,1,364,1,387,1,389,1,
64.156, Bid:,9,177,1,180,1,185,1,275,1,282,1,288,1,306,1,310,1,326,1,Ask:,8,343,1,349,2,352,1,357,1,363,1,364,1,387,1,389,1,
64.188, Bid:,9,177,1,180,1,185,1,275,1,282,1,288,1,306,1,310,1,326,1,Ask:,8,339,1,343,1,349,2,357,1,363,1,364,1,387,1,389,1,
64.281, Bid:,9,177,1,180,1,185,1,275,1,282,1,288,1,306,1,310,1,327,1,Ask:,8,339,1,343,1,349,2,357,1,363,1,364,1,387,1,389,1,
64.312, Bid:,9,177,1,180,1,185,1,275,1,282,1,288,1,306,1,310,1,327,1,Ask:,8,339,1,343,1,346,1,349,2,357,1,364,1,387,1,389,1,
64.406, Bid:,9,177,1,180,1,185,1,275,1,282,1,297,1,306,1,310,1,327,1,Ask:,8,339,1,343,1,346,1,349,2,357,1,364,1,387,1,389,1,
64.562, Bid:,9,177,1,180,1,185,1,275,1,282,1,297,1,306,1,310,1,327,1,Ask:,7,339,1,343,1,346,1,349,3,357,1,387,1,389,1,
64.719, Bid:,9,177,1,180,1,185,1,275,1,282,1,297,1,306,1,310,1,327,1,Ask:,6,339,2,343,1,346,1,349,3,357,1,387,1,
65.000, Bid:,9,177,1,180,1,265,1,275,1,282,1,297,1,306,1,310,1,327,1,Ask:,6,339,2,343,1,346,1,349,3,357,1,387,1,
65.188, Bid:,9,177,1,180,1,265,1,275,1,282,1,297,1,306,1,310,1,327,1,Ask:,7,339,2,343,1,345,1,346,1,349,2,357,1,387,1,
65.406, Bid:,9,177,1,180,1,265,1,275,1,282,1,297,1,306,1,310,1,327,1,Ask:,7,338,1,339,2,345,1,346,1,349,2,357,1,387,1,
65.469, Bid:,9,177,1,180,1,265,1,275,1,282,1,297,1,306,1,310,1,327,1,Ask:,8,333,1,338,1,339,1,345,1,346,1,349,2,357,1,387,1,
65.594, Bid:,9,177,1,180,1,265,1,275,1,282,1,297,1,306,1,310,1,327,1,Ask:,8,333,1,336,1,339,1,345,1,346,1,349,2,357,1,387,1,
65.719, Bid:,9,177,1,223,1,265,1,275,1,282,1,297,1,306,1,310,1,327,1,Ask:,8,333,1,336,1,339,1,345,1,346,1,349,2,357,1,387,1,
65.750, Bid:,9,177,1,223,1,265,1,275,1,282,1,297,1,306,1,310,1,327,1,Ask:,8,333,1,336,1,339,1,340,1,346,1,349,2,357,1,387,1,
65.781, Bid:,8,223,1,265,1,275,1,282,1,297,1,306,1,310,1,327,1,Ask:,7,336,1,339,1,340,1,346,1,349,2,357,1,387,1,
65.844, Bid:,8,223,1,265,1,275,1,282,1,297,1,306,1,310,1,327,1,Ask:,6,336,2,339,1,340,1,349,2,357,1,387,1,
65.906, Bid:,8,223,1,265,1,275,1,282,1,297,1,306,1,310,1,327,1,Ask:,7,336,2,338,1,339,1,340,1,349,1,357,1,387,1,
66.188, Bid:,8,223,1,265,1,275,1,282,1,297,1,306,1,314,1,327,1,Ask:,7,336,2,338,1,339,1,340,1,349,1,357,1,387,1,
66.250, Bid:,8,223,1,265,1,275,1,282,1,297,1,306,1,314,1,327,1,Ask:,7,333,1,336,2,338,1,339,1,349,1,357,1,387,1,
66.312, Bid:,8,223,1,265,1,275,1,282,1,297,1,306,1,314,1,327,1,Ask:,7,333,1,336,2,337,1,339,1,349,1,357,1,387,1,
66.344, Bid:,8,223,1,265,1,275,1,282,1,297,1,306,1,314,1,327,1,Ask:,7,332,1,333,1,336,2,337,1,349,1,357,1,387,1,
66.656, Bid:,8,223,1,265,1,275,1,282,1,297,1,306,1,314,1,327,1,Ask:,6,332,1,333,1,336,3,349,1,357,1,387,1,
66.688, Bid:,8,223,1,265,1,275,1,282,1,297,1,306,1,314,1,327,1,Ask:,6,331,1,332,1,333,1,336,3,349,1,387,1,
66.844, Bid:,8,223,1,265,1,275,1,282,1,297,1,306,1,314,1,327,1,Ask:,6,331,2,332,1,333,1,336,2,349,1,387,1,
66.969, Bid:,8,223,1,265,1,275,1,282,1,297,1,306,1,314,1,327,1,Ask:,7,330,1,331,1,332,1,333,1,336,2,349,1,387,1,
67.094, Bid:,8,223,1,265,1,275,1,282,1,297,1,306,1,314,1,327,1,Ask:,7,330,1,331,1,332,2,333,1,336,1,349,1,387,1,
67.281, Bid:,8,223,1,265,1,275,1,282,1,297,1,306,1,314,1,327,1,Ask:,7,330,1,331,1,332,2,333,1,336,1,349,1,433,1,
67.500, Bid:,8,223,1,265,1,275,1,282,1,297,1,306,1,314,1,327,1,Ask:,7,330,1,331,1,332,2,333,1,336,1,349,1,468,1,
67.875, Bid:,8,223,1,265,1,275,1,282,1,297,1,306,1,314,1,327,1,Ask:,7,330,2,331,1,332,1,333,1,336,1,349,1,468,1,
67.906, Bid:,8,223,1,265,1,275,1,282,1,297,1,306,1,314,1,327,1,Ask:,7,330,2,331,1,332,1,333,1,335,1,349,1,468,1,
68.156, Bid:,8,223,1,265,1,275,1,282,1,297,1,306,1,314,1,327,1,Ask:,7,330,2,331,1,332,1,333,1,335,1,349,1,416,1,
68.188, Bid:,8,223,1,265,1,275,1,282,1,297,1,306,1,314,1,327,1,Ask:,6,330,2,331,1,332,1,333,1,335,2,416,1,
68.219, Bid:,8,223,1,265,1,275,1,282,1,297,1,306,1,314,1,327,1,Ask:,7,329,1,330,1,331,1,332,1,333,1,335,2,416,1,
68.688, Bid:,8,223,1,265,1,275,1,282,1,297,1,306,1,314,1,327,1,Ask:,6,329,1,330,2,332,1,333,1,335,2,416,1,
68.875, Bid:,8,223,1,265,1,275,1,282,1,297,1,306,1,314,1,327,1,Ask:,6,329,1,330,2,331,1,333,1,335,2,416,1,
69.125, Bid:,8,223,1,265,1,275,1,282,1,297,1,306,1,314,1,327,1,Ask:,6,328,1,330,2,331,1,333,1,335,2,416,1,
69.250, Bid:,8,223,1,265,1,275,1,282,1,297,1,306,1,314,1,327,1,Ask:,6,328,1,330,2,331,1,334,1,335,2,416,1,
69.469, Bid:,7,223,1,265,1,275,1,282,1,297,1,306,1,314,1,Ask:,5,330,2,331,1,334,1,335,2,416,1,
69.500, Bid:,7,223,1,265,1,275,1,282,1,297,1,306,1,314,1,Ask:,6,327,1,330,1,331,1,334,1,335,2,416,1,
69.625, Bid:,7,223,1,265,1,275,1,282,1,297,1,306,1,314,1,Ask:,5,327,2,330,1,331,1,335,2,416,1,
69.812, Bid:,7,223,1,265,1,275,1,282,1,297,1,306,1,316,1,Ask:,5,327,2,330,1,331,1,335,2,416,1,
70.031, Bid:,7,223,1,265,1,275,1,282,1,297,1,306,1,316,1,Ask:,5,327,2,330,1,331,1,335,2,384,1,
70.094, Bid:,7,223,1,265,1,275,1,282,1,297,1,306,1,316,1,Ask:,5,327,2,330,2,331,1,335,1,384,1,
70.219, Bid:,7,223,1,265,1,275,1,282,1,297,1,306,1,316,1,Ask:,4,327,2,330,3,331,1,384,1,
70.250, Bid:,7,223,1,265,1,275,1,282,1,297,1,306,1,316,1,Ask:,5,325,1,327,2,330,2,331,1,384,1,
70.312, Bid:,7,223,1,265,1,275,1,282,1,297,1,306,1,316,1,Ask:,6,325,1,326,1,327,1,330,2,331,1,384,1,
70.438, Bid:,7,223,1,265,1,275,1,282,1,297,1,306,1,316,1,Ask:,7,325,1,326,1,327,1,328,1,330,1,331,1,384,1,
70.562, Bid:,7,223,1,265,1,275,1,282,1,297,1,306,1,316,1,Ask:,7,325,1,326,1,327,1,328,1,330,1,331,1,390,1,
70.719, Bid:,7,223,1,265,1,275,1,282,1,297,1,306,1,316,1,Ask:,7,325,1,326,1,327,1,328,1,330,1,331,1,353,1,
71.531, Bid:,7,223,1,265,1,275,1,282,1,297,1,306,1,316,1,Ask:,7,325,1,326,1,327,1,328,1,330,1,331,1,417,1,
71.938, Bid:,7,223,1,265,1,275,1,282,1,303,1,306,1,316,1,Ask:,7,325,1,326,1,327,1,328,1,330,1,331,1,417,1,
72.062, Bid:,7,223,1,265,1,275,1,282,1,303,1,306,1,316,1,Ask:,6,325,1,326,2,327,1,328,1,330,1,417,1,
72.125, Bid:,7,223,1,265,1,275,1,282,1,303,1,306,1,316,1,Ask:,5,325,2,326,2,328,1,330,1,417,1,
72.438, Bid:,7,223,1,265,1,275,1,282,1,303,1,311,1,316,1,Ask:,5,325,2,326,2,328,1,330,1,417,1,
73.156, Bid:,7,223,1,265,1,275,1,282,1,303,1,311,1,316,1,Ask:,5,325,2,326,2,328,1,330,1,471,1,
73.812, Bid:,7,223,1,265,1,275,1,282,1,303,1,311,1,316,1,Ask:,5,325,2,326,2,328,1,330,1,401,1,
73.969, Bid:,7,223,1,265,1,275,1,282,1,303,1,311,1,316,1,Ask:,5,325,2,326,2,328,1,330,1,419,1,
76.000, Bid:,7,223,1,265,1,275,1,282,1,303,1,311,1,316,1,Ask:,4,325,2,326,2,328,2,419,1,
77.844, Bid:,7,223,1,265,1,275,1,282,1,303,1,311,1,316,1,Ask:,4,325,2,326,2,328,2,485,1,
78.500, Bid:,7,223,1,265,1,275,1,282,1,303,1,311,1,316,1,Ask:,4,325,2,326,2,328,2,416,1,
79.219, Bid:,7,223,1,265,1,275,1,282,1,303,1,311,1,316,1,Ask:,4,325,2,326,2,328,2,417,1,
81.594, Bid:,7,223,1,265,1,275,1,282,1,303,1,311,1,316,1,Ask:,4,325,2,326,2,328,2,347,1,
83.938, Bid:,7,223,1,265,1,275,1,282,1,303,1,311,1,316,1,Ask:,4,325,2,326,2,328,2,399,1,
84.594, Bid:,7,223,1,265,1,275,1,282,1,303,1,311,1,316,1,Ask:,4,317,1,325,2,326,2,328,2,
84.656, Bid:,7,223,1,265,1,275,1,282,1,303,1,311,1,316,1,Ask:,5,317,1,322,1,325,1,326,2,328,2,
84.906, Bid:,7,223,1,265,1,275,1,282,1,303,1,311,1,316,1,Ask:,5,322,1,325,1,326,2,328,2,461,1,
85.281, Bid:,7,223,1,265,1,275,1,282,1,303,1,311,1,316,1,Ask:,5,322,1,323,1,326,2,328,2,461,1,
85.406, Bid:,7,223,1,265,1,275,1,282,1,303,1,311,1,316,1,Ask:,5,322,1,323,1,326,2,328,2,452,1,
85.438, Bid:,7,223,1,265,1,275,1,282,1,303,1,311,1,316,1,Ask:,5,322,1,323,1,326,2,328,2,441,1,
85.531, Bid:,7,223,1,265,1,275,1,282,1,303,1,311,1,316,1,Ask:,5,322,1,323,1,326,2,328,2,431,1,
85.906, Bid:,7,223,1,265,1,275,1,282,1,303,1,311,1,316,1,Ask:,5,322,1,323,1,326,3,328,1,431,1,
87.406, Bid:,7,223,1,265,1,275,1,282,1,303,1,311,1,316,1,Ask:,5,322,1,323,1,326,3,328,1,438,1,
87.469, Bid:,7,223,1,265,1,275,1,282,1,303,1,311,1,316,1,Ask:,5,322,1,323,1,326,3,327,1,438,1,
87.750, Bid:,7,223,1,265,1,275,1,282,1,303,1,311,1,316,1,Ask:,5,322,1,323,1,326,3,327,1,332,1,
87.969, Bid:,7,223,1,265,1,275,1,282,1,303,1,311,1,316,1,Ask:,5,322,1,323,1,326,3,327,1,416,1,
88.188, Bid:,7,223,1,265,1,275,1,282,1,303,1,311,1,316,1,Ask:,6,322,1,323,1,325,1,326,2,327,1,416,1,
88.375, Bid:,7,223,1,265,1,275,1,282,1,303,1,311,1,316,1,Ask:,6,317,1,322,1,323,1,325,1,326,2,327,1,
88.781, Bid:,7,223,1,265,1,275,1,282,1,303,1,311,1,316,1,Ask:,6,322,1,323,1,325,1,326,2,327,1,350,1,
88.844, Bid:,7,223,1,265,1,275,1,282,1,303,1,311,1,316,1,Ask:,5,322,1,323,1,325,2,326,2,350,1,
89.281, Bid:,7,223,1,265,1,275,1,282,1,303,1,311,1,316,1,Ask:,6,322,1,323,1,324,1,325,1,326,2,350,1,
89.438, Bid:,7,223,1,265,1,275,1,282,1,303,1,311,1,316,1,Ask:,6,319,1,323,1,324,1,325,1,326,2,350,1,
89.562, Bid:,7,223,1,265,1,275,1,282,1,303,1,311,1,316,1,Ask:,6,319,1,323,1,324,1,325,1,326,2,491,1,
89.594, Bid:,7,223,1,265,1,275,1,282,1,303,1,311,1,316,1,Ask:,6,319,1,323,1,324,1,325,1,326,2,412,1,
89.812, Bid:,7,223,1,265,1,275,1,282,1,303,1,311,1,316,1,Ask:,6,319,1,320,1,324,1,325,1,326,2,412,1,
89.938, Bid:,7,223,1,265,1,275,1,282,1,303,1,311,1,316,1,Ask:,6,319,1,320,1,324,1,325,1,326,2,334,1,
90.438, Bid:,7,223,1,265,1,275,1,282,1,303,1,311,1,316,1,Ask:,6,319,1,320,1,324,2,325,1,326,1,334,1,
90.531, Bid:,7,223,1,265,1,275,1,282,1,303,1,311,1,316,1,Ask:,6,319,1,320,1,323,1,324,2,325,1,334,1,
90.656, Bid:,7,223,1,265,1,275,1,282,1,303,1,311,1,316,1,Ask:,6,319,1,320,1,323,1,324,2,325,1,408,1,
91.375, Bid:,7,223,1,265,1,275,1,282,1,303,1,311,1,316,1,Ask:,6,319,1,320,1,323,1,324,2,325,1,434,1,
91.844, Bid:,7,223,1,265,1,275,1,282,1,303,1,311,1,316,1,Ask:,5,319,1,320,1,323,1,324,3,434,1,
92.250, Bid:,7,223,1,265,1,275,1,282,1,303,1,311,1,316,1,Ask:,5,319,1,320,1,323,1,324,3,422,1,
92.688, Bid:,7,223,1,265,1,275,1,282,1,303,1,311,1,316,1,Ask:,5,319,1,320,1,323,1,324,3,371,1,
95.344, Bid:,7,223,1,265,1,275,1,282,1,303,1,311,1,316,1,Ask:,5,319,1,320,1,323,1,324,3,489,1,
97.844, Bid:,7,223,1,265,1,275,1,282,1,303,1,311,1,316,1,Ask:,5,319,1,320,1,323,1,324,3,376,1,
99.531, Bid:,7,223,1,265,1,275,1,282,1,303,1,311,1,316,1,Ask:,5,319,1,320,1,323,1,324,3,411,1,
100.625, Bid:,7,223,1,265,1,275,1,282,1,303,1,311,1,316,1,Ask:,5,319,1,320,1,323,1,324,3,380,1,
101.688, Bid:,7,223,1,265,1,275,1,282,1,303,1,311,1,316,1,Ask:,5,319,1,320,1,323,1,324,3,359,1,
105.531, Bid:,7,223,1,265,1,275,1,282,1,303,1,311,1,316,1,Ask:,5,319,1,320,1,323,1,324,3,381,1,
106.656, Bid:,7,223,1,265,1,275,1,282,1,303,1,311,1,316,1,Ask:,5,319,1,320,1,323,1,324,3,325,1,
107.344, Bid:,7,223,1,265,1,275,1,282,1,303,1,311,1,316,1,Ask:,5,319,1,320,1,323,1,324,3,340,1,
107.656, Bid:,7,223,1,265,1,275,1,282,1,303,1,311,1,316,1,Ask:,5,319,1,320,1,323,1,324,3,367,1,
108.656, Bid:,7,223,1,265,1,275,1,282,1,303,1,311,1,316,1,Ask:,5,319,1,320,1,323,1,324,3,492,1,
109.375, Bid:,7,223,1,265,1,275,1,282,1,303,1,311,1,316,1,Ask:,5,319,1,320,1,323,1,324,3,353,1,
111.250, Bid:,7,223,1,265,1,275,1,282,1,303,1,311,1,316,1,Ask:,5,319,1,320,1,323,1,324,3,475,1,
111.750, Bid:,7,223,1,265,1,275,1,282,1,303,1,311,1,316,1,Ask:,5,319,1,320,1,323,1,324,3,436,1,
114.406, Bid:,7,223,1,265,1,275,1,282,1,303,1,311,1,316,1,Ask:,5,319,1,320,1,323,1,324,3,463,1,
115.094, Bid:,7,223,1,265,1,275,1,282,1,303,1,311,1,316,1,Ask:,5,319,1,320,1,323,1,324,3,327,1,
118.719, Bid:,7,223,1,265,1,275,1,282,1,303,1,311,1,316,1,Ask:,5,319,1,320,1,323,1,324,3,331,1,
118.906, Bid:,7,223,1,265,1,275,1,282,1,303,1,311,1,316,1,Ask:,5,319,1,320,1,323,1,324,3,427,1,
120.094, Bid:,0,Ask:,0,
120.094, Bid:,1,326,1,Ask:,0,
120.125, Bid:,2,326,1,334,1,Ask:,0,
120.156, Bid:,1,326,1,Ask:,0,
120.188, Bid:,2,326,1,335,1,Ask:,0,
120.219, Bid:,1,326,1,Ask:,0,
120.250, Bid:,2,217,1,326,1,Ask:,0,
120.281, Bid:,3,210,1,217,1,326,1,Ask:,0,
120.312, Bid:,4,185,1,210,1,217,1,326,1,Ask:,0,
120.375, Bid:,5,185,1,210,1,217,1,326,1,342,1,Ask:,0,
120.406, Bid:,4,185,1,210,1,217,1,326,1,Ask:,0,
120.438, Bid:,5,185,1,210,1,217,1,326,1,327,1,Ask:,0,
120.469, Bid:,5,185,1,210,1,217,1,326,1,328,1,Ask:,0,
120.500, Bid:,5,185,1,210,1,217,1,326,1,328,1,Ask:,1,337,1,
120.531, Bid:,6,9,1,185,1,210,1,217,1,326,1,328,1,Ask:,1,337,1,
120.562, Bid:,6,9,1,185,1,210,1,217,1,326,1,328,1,Ask:,2,336,1,337,1,
120.656, Bid:,7,9,1,89,1,185,1,210,1,217,1,326,1,328,1,Ask:,2,336,1,337,1,
120.719, Bid:,7,9,1,89,1,185,1,210,1,217,1,326,1,328,1,Ask:,1,336,2,
120.750, Bid:,7,9,1,89,1,185,1,210,1,217,1,326,1,328,1,Ask:,2,334,1,336,2,
120.781, Bid:,7,9,1,89,1,185,1,210,1,217,1,326,1,328,1,Ask:,3,333,1,334,1,336,2,
120.812, Bid:,7,9,1,66,1,89,1,185,1,217,1,326,1,328,1,Ask:,3,333,1,334,1,336,2,
120.844, Bid:,8,9,1,28,1,66,1,89,1,185,1,217,1,326,1,328,1,Ask:,3,333,1,334,1,336,2,
120.875, Bid:,8,9,1,28,1,66,1,89,1,102,1,217,1,326,1,328,1,Ask:,3,333,1,334,1,336,2,
120.938, Bid:,8,9,1,28,1,66,1,89,1,102,1,217,1,326,1,328,1,Ask:,3,333,1,334,2,336,2,
121.000, Bid:,8,9,1,28,1,66,1,89,1,102,1,217,1,326,1,328,1,Ask:,3,333,2,334,2,336,2,
121.031, Bid:,9,9,1,28,1,66,1,89,1,102,1,217,1,282,1,326,1,328,1,Ask:,3,333,2,334,2,336,2,
121.062, Bid:,9,9,1,28,1,66,1,89,1,102,1,217,1,282,1,326,1,328,1,Ask:,4,333,2,334,2,335,1,336,1,
121.344, Bid:,9,9,1,28,1,66,1,89,1,102,1,169,1,282,1,326,1,328,1,Ask:,4,333,2,334,2,335,1,336,1,
121.406, Bid:,9,9,1,28,1,66,1,89,1,102,1,169,1,282,1,326,1,328,1,Ask:,4,333,3,334,2,335,1,336,1,
121.438, Bid:,9,9,1,28,1,66,1,89,1,102,1,169,1,282,1,326,1,328,1,Ask:,5,333,3,334,2,335,1,336,1,365,1,
121.531, Bid:,9,9,1,28,1,66,1,89,1,102,1,169,1,184,1,282,1,328,1,Ask:,5,333,3,334,2,335,1,336,1,365,1,
121.688, Bid:,10,9,1,28,1,66,1,89,1,102,1,139,1,169,1,184,1,282,1,328,1,Ask:,5,333,3,334,2,335,1,336,1,365,1,
121.750, Bid:,11,9,1,28,1,66,1,89,1,102,1,139,1,169,1,175,1,184,1,282,1,328,1,Ask:,5,333,3,334,2,335,1,336,1,365,1,
121.812, Bid:,10,9,1,28,1,66,1,89,1,102,1,139,1,169,1,175,1,184,1,282,1,Ask:,5,333,3,334,2,335,1,336,1,365,1,
121.844, Bid:,10,9,1,28,1,66,1,89,1,102,1,139,1,169,1,175,1,184,1,282,1,Ask:,6,332,1,333,3,334,2,335,1,336,1,365,1,
121.906, Bid:,10,9,1,28,1,66,1,89,1,102,1,139,1,169,1,175,1,184,1,282,1,Ask:,7,314,1,332,1,333,2,334,2,335,1,336,1,365,1,
121.969, Bid:,10,9,1,28,1,66,1,89,1,102,1,139,1,169,1,175,1,184,1,282,1,Ask:,8,311,1,314,1,332,1,333,2,334,2,335,1,336,1,365,1,
122.000, Bid:,10,9,1,28,1,66,1,102,1,139,1,169,1,170,1,175,1,184,1,282,1,Ask:,8,311,1,314,1,332,1,333,2,334,2,335,1,336,1,365,1,
122.031, Bid:,10,9,1,28,1,66,1,102,1,139,1,169,1,170,1,175,1,184,1,282,1,Ask:,8,311,1,314,1,316,1,333,2,334,2,335,1,336,1,365,1,
122.062, Bid:,10,9,1,28,1,66,1,102,1,139,1,169,1,170,1,175,1,184,1,282,1,Ask:,9,311,1,314,1,315,1,316,1,333,1,334,2,335,1,336,1,365,1,
122.125, Bid:,10,9,1,28,1,66,1,102,1,139,1,169,1,170,1,175,1,184,1,282,1,Ask:,9,311,1,314,1,315,1,316,1,332,1,333,1,334,2,335,1,336,1,
122.188, Bid:,11,9,1,10,1,28,1,66,1,102,1,139,1,169,1,170,1,175,1,184,1,282,1,Ask:,9,311,1,314,1,315,1,316,1,332,1,333,1,334,2,335,1,336,1,
122.344, Bid:,11,9,1,10,1,28,1,66,1,102,1,139,1,169,1,170,1,175,1,184,1,282,1,Ask:,9,310,1,311,1,314,1,315,1,316,1,332,1,334,2,335,1,336,1,
122.406, Bid:,11,9,1,10,1,66,1,102,1,135,1,139,1,169,1,170,1,175,1,184,1,282,1,Ask:,9,310,1,311,1,314,1,315,1,316,1,332,1,334,2,335,1,336,1,
122.438, Bid:,12,9,1,10,1,66,1,102,1,135,1,139,1,169,1,170,1,175,1,184,1,226,1,282,1,Ask:,9,310,1,311,1,314,1,315,1,316,1,332,1,334,2,335,1,336,1,
122.500, Bid:,12,9,1,10,1,66,1,102,1,135,1,139,1,169,1,170,1,175,1,184,1,226,1,282,1,Ask:,9,310,2,311,1,314,1,315,1,316,1,332,1,334,2,335,1,336,1,
122.531, Bid:,12,9,1,10,1,66,1,102,1,135,1,139,1,169,1,170,1,175,1,184,1,226,1,282,1,Ask:,9,310,2,311,1,312,1,314,1,315,1,316,1,332,1,334,2,335,1,
122.625, Bid:,12,9,1,10,1,66,1,102,1,135,1,139,1,169,1,170,1,175,1,184,1,226,1,282,1,Ask:,10,310,2,311,1,312,1,313,1,314,1,315,1,316,1,332,1,334,1,335,1,
122.688, Bid:,12,9,1,10,1,66,1,102,1,135,1,139,1,169,1,170,1,175,1,184,1,226,1,282,1,Ask:,10,310,2,311,2,312,1,313,1,314,1,315,1,316,1,332,1,334,1,335,1,
122.750, Bid:,12,9,1,10,1,66,1,102,1,135,1,139,1,169,1,170,1,175,1,184,1,226,1,282,1,Ask:,9,310,3,311,2,312,1,313,1,314,1,315,1,332,1,334,1,335,1,
122.781, Bid:,12,10,1,66,1,102,1,135,1,139,1,151,1,169,1,170,1,175,1,184,1,226,1,282,1,Ask:,9,310,3,311,2,312,1,313,1,314,1,315,1,332,1,334,1,335,1,
122.875, Bid:,11,10,1,66,1,102,1,135,1,151,1,169,2,170,1,175,1,184,1,226,1,282,1,Ask:,9,310,3,311,2,312,1,313,1,314,1,315,1,332,1,334,1,335,1,
122.906, Bid:,11,10,1,66,1,102,1,135,1,151,1,169,2,170,1,175,1,184,1,226,1,282,1,Ask:,8,310,3,311,2,312,1,313,1,314,2,315,1,332,1,335,1,
122.938, Bid:,11,10,1,66,1,102,1,135,1,151,1,169,2,170,1,184,1,191,1,226,1,282,1,Ask:,8,310,3,311,2,312,1,313,1,314,2,315,1,332,1,335,1,
123.250, Bid:,11,10,1,66,1,102,1,135,1,151,1,169,2,170,1,191,1,199,1,226,1,282,1,Ask:,8,310,3,311,2,312,1,313,1,314,2,315,1,332,1,335,1,
123.375, Bid:,11,10,1,66,1,102,1,135,1,151,1,169,2,170,1,191,1,199,1,226,1,282,1,Ask:,8,310,3,311,2,312,1,313,1,314,2,315,1,335,1,444,1,
123.406, Bid:,11,10,1,102,1,135,1,151,1,169,2,170,1,185,1,191,1,199,1,226,1,282,1,Ask:,8,310,3,311,2,312,1,313,1,314,2,315,1,335,1,444,1,
123.531, Bid:,11,10,1,102,1,135,1,151,1,169,2,170,1,185,1,191,1,199,1,226,1,282,1,Ask:,8,310,3,311,2,312,1,313,1,314,2,315,1,335,1,473,1,
123.781, Bid:,11,10,1,102,1,135,1,151,1,169,2,170,1,185,1,191,1,199,1,226,1,282,1,Ask:,8,310,3,311,2,312,1,313,1,314,2,315,1,335,1,464,1,
123.812, Bid:,11,10,1,135,1,151,1,162,1,169,2,170,1,185,1,191,1,199,1,226,1,282,1,Ask:,8,310,3,311,2,312,1,313,1,314,2,315,1,335,1,464,1,
123.906, Bid:,12,10,1,135,1,151,1,162,1,169,1,170,1,184,1,185,1,191,1,199,1,226,1,282,1,Ask:,8,310,3,311,2,312,1,313,1,314,2,315,1,335,1,464,1,
124.750, Bid:,12,10,1,135,1,151,1,162,1,169,1,170,1,184,1,185,1,191,1,199,1,226,1,282,1,Ask:,7,310,3,311,2,312,1,313,2,314,2,315,1,464,1,
126.469, Bid:,12,10,1,135,1,151,1,162,1,169,1,170,1,184,1,185,1,191,1,199,1,226,1,282,1,Ask:,7,310,3,311,2,312,1,313,2,314,2,315,1,342,1,
128.375, Bid:,12,10,1,135,1,151,1,162,1,169,1,170,1,184,1,185,1,191,1,199,1,226,1,282,1,Ask:,7,310,3,311,2,312,1,313,2,314,2,315,1,341,1,
130.094, Bid:,12,10,1,135,1,151,1,162,1,169,1,170,1,184,1,185,1,191,1,199,1,226,1,282,1,Ask:,7,310,3,311,2,312,1,313,2,314,2,315,1,364,1,
130.406, Bid:,12,10,1,135,1,151,1,162,1,169,1,170,1,184,1,185,1,191,1,199,1,226,1,282,1,Ask:,7,310,3,311,2,312,1,313,2,314,2,315,1,317,1,
130.969, Bid:,12,10,1,135,1,151,1,162,1,169,1,170,1,184,1,185,1,191,1,199,1,226,1,282,1,Ask:,7,310,3,311,2,312,1,313,2,314,2,315,1,332,1,
131.188, Bid:,12,10,1,135,1,151,1,162,1,169,1,170,1,184,1,185,1,191,1,199,1,226,1,282,1,Ask:,7,310,3,311,2,312,1,313,2,314,2,315,1,389,1,
133.312, Bid:,12,10,1,135,1,151,1,162,1,169,1,170,1,184,1,185,1,191,1,199,1,226,1,282,1,Ask:,7,310,3,311,2,312,1,313,2,314,2,315,1,475,1,
134.594, Bid:,12,10,1,135,1,151,1,162,1,169,1,170,1,184,1,185,1,191,1,199,1,226,1,282,1,Ask:,7,310,3,311,2,312,1,313,2,314,2,315,1,381,1,
135.344, Bid:,12,10,1,135,1,151,1,162,1,169,1,170,1,184,1,185,1,191,1,199,1,226,1,282,1,Ask:,6,310,4,311,2,312,1,313,2,314,2,315,1,
136.625, Bid:,12,10,1,135,1,151,1,162,1,169,1,170,1,184,1,185,1,191,1,199,1,226,1,282,1,Ask:,7,310,3,311,2,312,1,313,2,314,2,315,1,450,1,
138.969, Bid:,12,10,1,135,1,151,1,162,1,169,1,170,1,184,1,185,1,191,1,199,1,226,1,282,1,Ask:,7,310,3,311,2,312,1,313,2,314,2,315,1,365,1,
139.719, Bid:,12,10,1,135,1,151,1,162,1,169,1,170,1,184,1,185,1,191,1,199,1,226,1,282,1,Ask:,7,310,3,311,2,312,1,313,2,314,2,315,1,486,1,
140.375, Bid:,12,10,1,135,1,151,1,162,1,169,1,170,1,184,1,185,1,191,1,199,1,226,1,282,1,Ask:,7,310,3,311,2,312,1,313,2,314,2,315,1,442,1,
141.125, Bid:,12,10,1,135,1,151,1,162,1,169,1,170,1,184,1,185,1,191,1,199,1,226,1,282,1,Ask:,7,310,3,311,2,312,1,313,2,314,2,315,1,444,1,
141.438, Bid:,12,10,1,135,1,151,1,162,1,169,1,170,1,184,1,185,1,191,1,199,1,226,1,282,1,Ask:,7,310,3,311,2,312,1,313,2,314,2,315,1,390,1,
142.062, Bid:,12,10,1,135,1,151,1,162,1,169,1,170,1,184,1,185,1,191,1,199,1,226,1,282,1,Ask:,7,310,3,311,2,312,1,313,2,314,2,315,1,400,1,
143.250, Bid:,12,10,1,135,1,151,1,162,1,169,1,170,1,184,1,185,1,191,1,199,1,226,1,282,1,Ask:,7,310,3,311,2,312,1,313,2,314,2,315,1,389,1,
145.188, Bid:,12,10,1,135,1,151,1,162,1,169,1,170,1,184,1,185,1,191,1,199,1,226,1,282,1,Ask:,7,310,3,311,2,312,1,313,2,314,2,315,1,441,1,
146.031, Bid:,12,10,1,135,1,151,1,162,1,169,1,170,1,184,1,185,1,191,1,199,1,226,1,282,1,Ask:,7,310,3,311,2,312,1,313,2,314,2,315,1,369,1,
146.969, Bid:,12,10,1,135,1,151,1,162,1,169,1,170,1,184,1,185,1,191,1,199,1,226,1,282,1,Ask:,7,310,3,311,2,312,1,313,2,314,2,315,1,453,1,
147.438, Bid:,12,10,1,135,1,151,1,162,1,169,1,170,1,184,1,185,1,191,1,199,1,226,1,282,1,Ask:,7,310,3,311,2,312,1,313,2,314,2,315,1,329,1,
148.031, Bid:,12,10,1,135,1,151,1,162,1,169,1,170,1,184,1,185,1,191,1,199,1,226,1,282,1,Ask:,7,310,3,311,2,312,1,313,2,314,2,315,1,430,1,
148.188, Bid:,12,10,1,135,1,151,1,162,1,169,1,170,1,184,1,185,1,191,1,199,1,226,1,282,1,Ask:,7,310,3,311,2,312,1,313,2,314,2,315,1,383,1,
149.906, Bid:,12,10,1,135,1,151,1,162,1,169,1,170,1,184,1,185,1,191,1,199,1,226,1,282,1,Ask:,7,310,3,311,2,312,1,313,2,314,2,315,1,316,1,
150.594, Bid:,12,10,1,135,1,151,1,162,1,169,1,170,1,184,1,185,1,191,1,199,1,226,1,282,1,Ask:,7,310,3,311,2,312,1,313,2,314,2,315,1,496,1,
150.938, Bid:,12,10,1,135,1,151,1,162,1,169,1,170,1,184,1,185,1,191,1,199,1,226,1,282,1,Ask:,7,310,3,311,2,312,1,313,2,314,2,315,1,342,1,
152.062, Bid:,12,10,1,135,1,151,1,162,1,169,1,170,1,184,1,185,1,191,1,199,1,226,1,282,1,Ask:,7,310,3,311,2,312,1,313,2,314,2,315,1,451,1,
152.562, Bid:,12,10,1,135,1,151,1,162,1,169,1,170,1,184,1,185,1,191,1,199,1,226,1,282,1,Ask:,7,310,3,311,2,312,1,313,2,314,2,315,1,440,1,
153.031, Bid:,12,10,1,135,1,151,1,162,1,169,1,170,1,184,1,185,1,191,1,199,1,226,1,282,1,Ask:,7,310,3,311,2,312,1,313,2,314,2,315,1,479,1,
155.656, Bid:,12,10,1,135,1,151,1,162,1,169,1,170,1,184,1,185,1,191,1,199,1,226,1,282,1,Ask:,7,310,3,311,2,312,1,313,2,314,2,315,1,391,1,
160.781, Bid:,12,10,1,135,1,151,1,162,1,169,1,170,1,184,1,185,1,191,1,199,1,226,1,282,1,Ask:,7,310,3,311,2,312,1,313,2,314,2,315,1,404,1,
163.312, Bid:,12,10,1,135,1,151,1,162,1,169,1,170,1,184,1,185,1,191,1,199,1,226,1,282,1,Ask:,7,310,3,311,2,312,1,313,2,314,2,315,1,489,1,
164.906, Bid:,12,10,1,135,1,151,1,162,1,169,1,170,1,184,1,185,1,191,1,199,1,226,1,282,1,Ask:,7,310,3,311,2,312,1,313,2,314,2,315,1,344,1,
165.156, Bid:,12,10,1,135,1,151,1,162,1,169,1,170,1,184,1,185,1,191,1,199,1,226,1,282,1,Ask:,7,310,3,311,2,312,1,313,2,314,2,315,1,470,1,
166.219, Bid:,12,10,1,135,1,151,1,162,1,169,1,170,1,184,1,185,1,191,1,199,1,226,1,282,1,Ask:,7,310,3,311,2,312,1,313,2,314,2,315,1,344,1,
167.906, Bid:,12,10,1,135,1,151,1,162,1,169,1,170,1,184,1,185,1,191,1,199,1,226,1,282,1,Ask:,7,310,3,311,2,312,1,313,2,314,2,315,1,323,1,
170.750, Bid:,12,10,1,135,1,151,1,162,1,169,1,170,1,184,1,185,1,191,1,199,1,226,1,282,1,Ask:,7,310,3,311,2,312,1,313,2,314,2,315,1,429,1,
171.531, Bid:,12,10,1,135,1,151,1,162,1,169,1,170,1,184,1,185,1,191,1,199,1,226,1,282,1,Ask:,7,310,3,311,2,312,1,313,2,314,2,315,1,444,1,
172.250, Bid:,12,10,1,135,1,151,1,162,1,169,1,170,1,184,1,185,1,191,1,199,1,226,1,282,1,Ask:,7,310,3,311,2,312,1,313,2,314,2,315,1,404,1,
175.594, Bid:,12,10,1,135,1,151,1,162,1,169,1,170,1,184,1,185,1,191,1,199,1,226,1,282,1,Ask:,7,310,3,311,2,312,1,313,2,314,2,315,1,437,1,
177.719, Bid:,12,10,1,135,1,151,1,162,1,169,1,170,1,184,1,185,1,191,1,199,1,226,1,282,1,Ask:,7,310,3,311,2,312,1,313,2,314,2,315,1,343,1,
178.062, Bid:,12,10,1,135,1,151,1,162,1,169,1,170,1,184,1,185,1,191,1,199,1,226,1,282,1,Ask:,7,310,3,311,2,312,1,313,2,314,2,315,1,403,1,
180.156, Bid:,0,Ask:,0,
180.156, Bid:,1,199,1,Ask:,0,
180.188, Bid:,2,185,1,199,1,Ask:,0,
180.219, Bid:,2,185,1,199,1,Ask:,1,315,1,
180.250, Bid:,2,185,1,199,1,Ask:,2,314,1,315,1,
180.281, Bid:,2,185,1,199,1,Ask:,3,314,1,315,1,381,1,
180.312, Bid:,3,185,1,199,1,200,1,Ask:,3,314,1,315,1,381,1,
180.344, Bid:,3,185,1,199,1,200,1,Ask:,4,313,1,314,1,315,1,381,1,
180.375, Bid:,3,199,1,200,1,242,1,Ask:,4,313,1,314,1,315,1,381,1,
180.406, Bid:,3,199,1,200,1,242,1,Ask:,5,311,1,313,1,314,1,315,1,381,1,
180.438, Bid:,4,199,1,200,1,216,1,242,1,Ask:,5,311,1,313,1,314,1,315,1,381,1,
180.469, Bid:,4,199,1,200,1,216,1,242,1,Ask:,5,311,2,313,1,314,1,315,1,381,1,
180.562, Bid:,5,199,1,200,1,216,1,242,1,282,1,Ask:,5,311,2,313,1,314,1,315,1,381,1,
180.594, Bid:,6,199,1,200,1,216,1,219,1,242,1,282,1,Ask:,5,311,2,313,1,314,1,315,1,381,1,
180.688, Bid:,6,199,1,216,1,219,1,242,1,282,1,283,1,Ask:,5,311,2,313,1,314,1,315,1,381,1,
180.719, Bid:,6,199,1,216,1,219,1,282,1,283,1,288,1,Ask:,5,311,2,313,1,314,1,315,1,381,1,
180.750, Bid:,6,199,1,216,1,219,1,282,1,288,1,289,1,Ask:,5,311,2,313,1,314,1,315,1,381,1,
180.781, Bid:,6,199,1,216,1,219,1,282,1,288,1,289,1,Ask:,6,311,2,312,1,313,1,314,1,315,1,381,1,
180.812, Bid:,6,199,1,216,1,219,1,282,1,288,1,289,1,Ask:,6,311,2,312,1,313,2,314,1,315,1,381,1,
180.844, Bid:,6,199,1,216,1,219,1,282,1,288,1,289,1,Ask:,6,310,1,311,2,312,1,313,2,315,1,381,1,
180.875, Bid:,6,199,1,216,1,219,1,282,1,288,1,289,1,Ask:,6,310,2,311,2,312,1,313,2,315,1,381,1,
180.906, Bid:,7,199,1,216,1,219,1,282,1,288,1,289,1,290,1,Ask:,6,310,2,311,2,312,1,313,2,315,1,381,1,
180.938, Bid:,7,199,1,216,1,219,1,282,1,288,1,290,1,291,1,Ask:,6,310,2,311,2,312,1,313,2,315,1,381,1,
181.000, Bid:,8,199,1,216,1,219,1,280,1,282,1,288,1,290,1,291,1,Ask:,6,310,2,311,2,312,1,313,2,315,1,381,1,
181.031, Bid:,8,199,1,216,1,219,1,280,1,282,1,288,1,290,1,291,1,Ask:,6,310,2,311,2,312,2,313,2,315,1,381,1,
181.062, Bid:,9,128,1,199,1,216,1,219,1,280,1,282,1,288,1,290,1,291,1,Ask:,6,310,2,311,2,312,2,313,2,315,1,381,1,
181.094, Bid:,9,128,1,199,1,216,1,219,1,280,1,282,1,288,1,291,1,298,1,Ask:,6,310,2,311,2,312,2,313,2,315,1,381,1,
181.188, Bid:,9,128,1,199,1,219,1,267,1,280,1,282,1,288,1,291,1,298,1,Ask:,6,310,2,311,2,312,2,313,2,315,1,381,1,
181.219, Bid:,9,128,1,199,1,219,1,267,1,280,1,282,1,288,1,291,1,298,1,Ask:,6,310,2,311,3,312,2,313,2,315,1,381,1,
181.312, Bid:,9,128,1,199,1,219,1,267,1,280,1,282,1,291,1,295,1,298,1,Ask:,6,310,2,311,3,312,2,313,2,315,1,381,1,
181.344, Bid:,9,128,1,199,1,219,1,267,1,280,1,282,1,291,1,295,1,298,1,Ask:,7,310,2,311,3,312,2,313,2,314,1,315,1,381,1,
181.375, Bid:,9,128,1,199,1,219,1,267,1,280,1,282,1,291,1,295,1,298,1,Ask:,7,310,3,311,3,312,2,313,2,314,1,315,1,381,1,
181.406, Bid:,9,128,1,199,1,219,1,267,1,280,1,282,1,295,1,298,1,299,1,Ask:,7,310,3,311,3,312,2,313,2,314,1,315,1,381,1,
181.438, Bid:,9,128,1,199,1,219,1,271,1,280,1,282,1,295,1,298,1,299,1,Ask:,7,310,3,311,3,312,2,313,2,314,1,315,1,381,1,
181.500, Bid:,9,128,1,199,1,219,1,271,1,280,1,282,1,295,1,298,1,299,2,Ask:,7,310,3,311,3,312,2,313,2,314,1,315,1,381,1,
181.562, Bid:,9,128,1,199,1,219,1,271,1,280,1,282,1,295,1,298,1,299,3,Ask:,7,310,3,311,3,312,2,313,2,314,1,315,1,381,1,
181.594, Bid:,9,128,1,199,1,219,1,271,1,280,1,282,1,295,1,298,1,299,3,Ask:,7,310,3,311,3,312,2,313,2,314,2,315,1,381,1,
181.688, Bid:,9,128,1,199,1,219,1,271,1,280,1,282,1,295,1,298,1,299,4,Ask:,7,310,3,311,3,312,2,313,2,314,2,315,1,381,1,
181.719, Bid:,9,120,1,199,1,219,1,271,1,280,1,282,1,295,1,298,1,299,4,Ask:,7,310,3,311,3,312,2,313,2,314,2,315,1,381,1,
181.812, Bid:,10,120,1,199,1,219,1,271,1,280,1,282,1,295,1,298,1,299,4,301,1,Ask:,7,310,3,311,3,312,2,313,2,314,2,315,1,381,1,
181.906, Bid:,10,120,1,199,1,219,1,271,1,280,1,282,1,295,1,298,1,299,4,301,1,Ask:,7,310,4,311,3,312,2,313,2,314,2,315,1,381,1,
181.969, Bid:,10,120,1,199,1,219,1,271,1,280,1,282,1,295,1,298,1,299,4,301,1,Ask:,7,310,4,311,3,312,2,313,2,314,2,315,1,400,1,
182.031, Bid:,11,120,1,199,1,219,1,271,1,280,1,282,1,295,1,298,1,299,3,301,1,302,1,Ask:,7,310,4,311,3,312,2,313,2,314,2,315,1,400,1,
182.062, Bid:,11,120,1,199,1,265,1,271,1,280,1,282,1,295,1,298,1,299,3,301,1,302,1,Ask:,7,310,4,311,3,312,2,313,2,314,2,315,1,400,1,
182.094, Bid:,12,120,1,199,1,237,1,265,1,271,1,280,1,282,1,295,1,298,1,299,3,301,1,302,1,Ask:,7,310,4,311,3,312,2,313,2,314,2,315,1,400,1,
182.156, Bid:,12,120,1,199,1,237,1,265,1,271,1,280,1,282,1,295,1,298,1,299,3,302,1,304,1,Ask:,7,310,4,311,3,312,2,313,2,314,2,315,1,400,1,
182.188, Bid:,12,120,1,199,1,237,1,265,1,271,1,280,1,282,1,295,1,298,1,299,3,304,1,305,1,Ask:,7,310,4,311,3,312,2,313,2,314,2,315,1,400,1,
182.219, Bid:,13,120,1,199,1,237,1,265,1,271,1,280,1,282,1,295,1,298,1,299,2,303,1,304,1,305,1,Ask:,7,310,4,311,3,312,2,313,2,314,2,315,1,400,1,
182.281, Bid:,13,120,1,237,1,265,1,271,1,280,1,282,1,293,1,295,1,298,1,299,2,303,1,304,1,305,1,Ask:,7,310,4,311,3,312,2,313,2,314,2,315,1,400,1,
182.312, Bid:,13,120,1,237,1,265,1,271,1,280,1,282,1,293,1,295,1,298,1,299,1,303,1,304,2,305,1,Ask:,7,310,4,311,3,312,2,313,2,314,2,315,1,400,1,
182.344, Bid:,14,120,1,237,1,265,1,271,1,280,1,282,1,293,1,295,1,298,1,299,1,302,1,303,1,304,2,305,1,Ask:,7,310,4,311,3,312,2,313,2,314,2,315,1,400,1,
182.438, Bid:,14,120,1,237,1,265,1,271,1,280,1,282,1,293,1,295,1,298,1,299,1,302,1,303,1,304,1,305,2,Ask:,7,310,4,311,3,312,2,313,2,314,2,315,1,400,1,
182.531, Bid:,14,120,1,237,1,265,1,271,1,280,1,282,1,293,1,295,1,298,1,299,1,302,1,303,1,304,1,305,2,Ask:,6,310,4,311,4,312,2,313,2,314,2,400,1,
182.594, Bid:,15,120,1,237,1,265,1,271,1,280,1,282,1,293,1,295,1,298,1,299,1,302,1,303,1,304,1,305,1,306,1,Ask:,6,310,4,311,4,312,2,313,2,314,2,400,1,
182.688, Bid:,14,120,1,237,1,265,1,271,1,280,1,282,1,293,1,295,1,298,1,302,1,303,1,304,1,305,2,306,1,Ask:,6,310,4,311,4,312,2,313,2,314,2,400,1,
182.781, Bid:,14,120,1,237,1,265,1,271,1,280,1,282,1,293,1,295,1,298,1,300,1,303,1,304,1,305,2,306,1,Ask:,6,310,4,311,4,312,2,313,2,314,2,400,1,
182.938, Bid:,14,120,1,237,1,265,1,271,1,280,1,282,1,293,1,295,1,298,1,300,1,303,1,304,1,305,2,306,1,Ask:,6,310,5,311,4,312,2,313,2,314,2,400,1,
183.000, Bid:,13,120,1,237,1,265,1,271,1,280,1,282,1,295,2,298,1,300,1,303,1,304,1,305,2,306,1,Ask:,6,310,5,311,4,312,2,313,2,314,2,400,1,
183.031, Bid:,13,120,1,237,1,265,1,271,1,280,1,282,1,295,2,298,1,300,1,303,1,304,1,305,2,307,1,Ask:,6,310,5,311,4,312,2,313,2,314,2,400,1,
183.125, Bid:,14,120,1,237,1,265,1,271,1,280,1,282,1,295,1,296,1,298,1,300,1,303,1,304,1,305,2,307,1,Ask:,6,310,5,311,4,312,2,313,2,314,2,400,1,
183.250, Bid:,15,120,1,237,1,265,1,271,1,280,1,282,1,295,1,296,1,298,1,300,1,303,1,304,1,305,1,306,1,307,1,Ask:,6,310,5,311,4,312,2,313,2,314,2,400,1,
183.344, Bid:,15,120,1,237,1,265,1,271,1,282,1,295,1,296,1,298,1,300,1,301,1,303,1,304,1,305,1,306,1,307,1,Ask:,6,310,5,311,4,312,2,313,2,314,2,400,1,
183.438, Bid:,14,120,1,237,1,265,1,271,1,282,1,295,1,296,1,300,1,301,1,303,1,304,1,305,1,306,1,307,2,Ask:,6,310,5,311,4,312,2,313,2,314,2,400,1,
183.562, Bid:,14,120,1,237,1,265,1,271,1,282,1,295,1,296,1,300,1,301,1,303,1,304,1,305,1,306,1,307,2,Ask:,6,310,5,311,4,312,2,313,2,314,2,422,1,
183.781, Bid:,14,120,1,237,1,265,1,282,1,289,1,295,1,296,1,300,1,301,1,303,1,304,1,305,1,306,1,307,2,Ask:,6,310,5,311,4,312,2,313,2,314,2,422,1,
183.844, Bid:,14,120,1,237,1,265,1,282,1,289,1,295,1,296,1,298,1,301,1,303,1,304,1,305,1,306,1,307,2,Ask:,6,310,5,311,4,312,2,313,2,314,2,422,1,
184.719, Bid:,13,120,1,237,1,265,1,282,1,289,1,295,1,296,1,298,1,301,1,304,1,305,1,306,2,307,2,Ask:,6,310,5,311,4,312,2,313,2,314,2,422,1,
185.000, Bid:,13,9,1,237,1,265,1,282,1,289,1,295,1,296,1,298,1,301,1,304,1,305,1,306,2,307,2,Ask:,6,310,5,311,4,312,2,313,2,314,2,422,1,
185.031, Bid:,14,9,1,237,1,265,1,282,1,289,1,295,1,296,1,298,1,301,1,304,1,305,1,306,2,307,1,308,1,Ask:,6,310,5,311,4,312,2,313,2,314,2,422,1,
185.062, Bid:,14,9,1,237,1,265,1,282,1,291,1,295,1,296,1,298,1,301,1,304,1,305,1,306,2,307,1,308,1,Ask:,6,310,5,311,4,312,2,313,2,314,2,422,1,
185.344, Bid:,14,9,1,237,1,265,1,282,1,291,1,295,1,296,1,298,1,301,1,304,1,305,1,306,2,307,1,309,1,Ask:,6,310,5,311,4,312,2,313,2,314,2,422,1,
185.594, Bid:,14,9,1,237,1,265,1,282,1,291,1,295,1,296,1,298,1,301,1,304,1,305,1,306,1,307,2,309,1,Ask:,6,310,5,311,4,312,2,313,2,314,2,422,1,
185.875, Bid:,14,9,1,237,1,265,1,282,1,291,1,295,1,296,1,298,1,301,1,304,1,305,1,306,1,307,2,309,1,Ask:,6,310,5,311,4,312,2,313,2,314,2,438,1,
185.906, Bid:,14,79,1,237,1,265,1,282,1,291,1,295,1,296,1,298,1,301,1,304,1,305,1,306,1,307,2,309,1,Ask:,6,310,5,311,4,312,2,313,2,314,2,438,1,
186.188, Bid:,13,79,1,237,1,265,1,282,1,291,1,295,1,296,1,298,1,301,1,304,1,305,1,307,3,309,1,Ask:,6,310,5,311,4,312,2,313,2,314,2,438,1,
186.250, Bid:,13,237,1,258,1,265,1,282,1,291,1,295,1,296,1,298,1,301,1,304,1,305,1,307,3,309,1,Ask:,6,310,5,311,4,312,2,313,2,314,2,438,1,
186.500, Bid:,13,237,1,258,1,265,1,282,1,291,1,295,1,296,1,298,1,301,1,304,1,305,1,307,3,309,1,Ask:,6,310,5,311,4,312,2,313,2,314,2,461,1,
186.531, Bid:,13,237,1,258,1,265,1,282,1,291,1,295,1,296,1,298,1,302,1,304,1,305,1,307,3,309,1,Ask:,6,310,5,311,4,312,2,313,2,314,2,461,1,
186.594, Bid:,12,237,1,258,1,265,1,282,1,291,1,295,1,296,1,298,1,302,1,305,2,307,3,309,1,Ask:,6,310,5,311,4,312,2,313,2,314,2,461,1,
186.719, Bid:,11,237,1,258,1,265,1,282,1,291,1,295,1,296,1,298,1,302,1,305,2,307,3,Ask:,6,310,4,311,4,312,2,313,2,314,2,461,1,
186.750, Bid:,11,237,1,258,1,265,1,282,1,291,1,295,1,296,1,298,1,302,1,305,2,307,3,Ask:,6,310,5,311,4,312,1,313,2,314,2,461,1,
186.781, Bid:,11,76,1,237,1,265,1,282,1,291,1,295,1,296,1,298,1,302,1,305,2,307,3,Ask:,6,310,5,311,4,312,1,313,2,314,2,461,1,
186.812, Bid:,11,76,1,237,1,265,1,282,1,291,1,295,1,296,1,302,1,303,1,305,2,307,3,Ask:,6,310,5,311,4,312,1,313,2,314,2,461,1,
186.844, Bid:,11,76,1,237,1,265,1,282,1,291,1,295,1,296,1,302,1,303,1,305,2,307,3,Ask:,5,310,5,311,4,312,2,313,2,314,2,
186.938, Bid:,11,76,1,237,1,265,1,282,1,291,1,295,1,296,1,302,1,303,1,305,2,307,3,Ask:,5,310,4,311,5,312,2,313,2,314,2,
187.031, Bid:,12,76,1,237,1,265,1,282,1,291,1,295,1,296,1,298,1,302,1,303,1,305,2,307,3,Ask:,5,310,4,311,5,312,2,313,2,314,2,
187.062, Bid:,13,76,1,237,1,265,1,282,1,291,1,295,1,296,1,298,1,302,1,303,1,305,2,307,2,308,1,Ask:,5,310,4,311,5,312,2,313,2,314,2,
187.188, Bid:,13,76,1,237,1,265,1,282,1,291,1,295,1,296,1,298,1,302,1,303,1,305,2,307,2,308,1,Ask:,5,310,4,311,6,312,2,313,1,314,2,
187.250, Bid:,14,76,1,237,1,265,1,282,1,291,1,295,1,296,1,298,1,302,1,303,1,305,2,307,1,308,1,309,1,Ask:,5,310,4,311,6,312,2,313,1,314,2,
187.312, Bid:,13,237,1,265,1,282,1,291,1,295,1,296,1,298,1,302,1,303,1,305,2,307,1,308,1,309,1,Ask:,5,310,3,311,6,312,2,313,1,314,2,
187.375, Bid:,13,237,1,265,1,282,1,291,1,295,1,296,1,298,1,302,1,303,1,305,1,307,1,308,1,309,1,Ask:,5,310,2,311,6,312,2,313,1,314,2,
187.406, Bid:,13,237,1,265,1,282,1,291,1,295,1,296,1,298,1,302,1,303,1,305,1,307,1,308,1,309,1,Ask:,6,310,2,311,6,312,1,313,1,314,2,339,1,
187.531, Bid:,12,237,1,265,1,282,1,291,1,295,1,296,1,298,1,303,1,305,2,307,1,308,1,309,1,Ask:,6,310,2,311,6,312,1,313,1,314,2,339,1,
187.594, Bid:,11,237,1,265,1,282,1,295,1,296,1,298,2,303,1,305,2,307,1,308,1,309,1,Ask:,6,310,2,311,6,312,1,313,1,314,2,339,1,
187.719, Bid:,11,237,1,265,1,282,1,295,1,298,2,302,1,303,1,305,2,307,1,308,1,309,1,Ask:,6,310,2,311,6,312,1,313,1,314,2,339,1,
187.812, Bid:,11,237,1,265,1,282,1,295,1,298,2,302,1,303,1,305,2,307,1,308,1,309,1,Ask:,6,310,2,311,6,312,1,313,2,314,1,339,1,
187.844, Bid:,11,237,1,265,1,282,1,295,1,298,2,302,1,303,1,305,2,307,1,308,1,309,1,Ask:,6,310,3,311,5,312,1,313,2,314,1,339,1,
